-- MySQL dump 10.13  Distrib 8.0.31, for Win64 (x86_64)
--
-- Host: 127.0.0.1    Database: transaction
-- ------------------------------------------------------
-- Server version	8.0.30

/*!40101 SET @OLD_CHARACTER_SET_CLIENT=@@CHARACTER_SET_CLIENT */;
/*!40101 SET @OLD_CHARACTER_SET_RESULTS=@@CHARACTER_SET_RESULTS */;
/*!40101 SET @OLD_COLLATION_CONNECTION=@@COLLATION_CONNECTION */;
/*!50503 SET NAMES utf8 */;
/*!40103 SET @OLD_TIME_ZONE=@@TIME_ZONE */;
/*!40103 SET TIME_ZONE='+00:00' */;
/*!40014 SET @OLD_UNIQUE_CHECKS=@@UNIQUE_CHECKS, UNIQUE_CHECKS=0 */;
/*!40014 SET @OLD_FOREIGN_KEY_CHECKS=@@FOREIGN_KEY_CHECKS, FOREIGN_KEY_CHECKS=0 */;
/*!40101 SET @OLD_SQL_MODE=@@SQL_MODE, SQL_MODE='NO_AUTO_VALUE_ON_ZERO' */;
/*!40111 SET @OLD_SQL_NOTES=@@SQL_NOTES, SQL_NOTES=0 */;

--
-- Table structure for table `bank_transfer`
--

DROP TABLE IF EXISTS `bank_transfer`;
/*!40101 SET @saved_cs_client     = @@character_set_client */;
/*!50503 SET character_set_client = utf8mb4 */;
CREATE TABLE `bank_transfer` (
  `Transaction_ID` int NOT NULL,
  `Bank_Name` varchar(30) NOT NULL,
  PRIMARY KEY (`Transaction_ID`),
  CONSTRAINT `fk_Transaction_ID_bank_transfer` FOREIGN KEY (`Transaction_ID`) REFERENCES `transaction` (`Transaction_ID`) ON DELETE RESTRICT ON UPDATE CASCADE
) ENGINE=InnoDB DEFAULT CHARSET=utf8mb4 COLLATE=utf8mb4_0900_ai_ci;
/*!40101 SET character_set_client = @saved_cs_client */;

--
-- Dumping data for table `bank_transfer`
--

LOCK TABLES `bank_transfer` WRITE;
/*!40000 ALTER TABLE `bank_transfer` DISABLE KEYS */;
INSERT INTO `bank_transfer` VALUES (1,'BNI'),(3,'Maybank'),(13,'Permata'),(17,'BRI'),(18,'Mandiri'),(19,'Mandiri'),(23,'BNI'),(27,'Permata'),(34,'BNI'),(37,'Maybank'),(38,'Mandiri'),(41,'BNI'),(44,'Permata'),(49,'CIMB Niaga'),(50,'Permata'),(53,'Permata'),(56,'Mandiri'),(58,'BNI'),(59,'Mandiri'),(62,'BRI'),(63,'Permata'),(64,'BRI'),(65,'BNI'),(69,'BNI'),(73,'Maybank'),(74,'BRI'),(79,'Mandiri'),(85,'Mandiri'),(86,'BNI'),(93,'BRI'),(94,'Maybank'),(96,'BRI'),(104,'Permata'),(108,'CIMB Niaga'),(110,'Maybank'),(115,'BRI'),(117,'Mandiri'),(118,'Mandiri'),(120,'Mandiri'),(123,'BNI'),(127,'Permata'),(137,'Permata'),(143,'BRI'),(150,'BRI'),(155,'Permata'),(158,'Mandiri'),(162,'BRI'),(166,'BRI'),(169,'Maybank'),(174,'Mandiri'),(180,'CIMB Niaga'),(184,'BNI'),(186,'Permata'),(189,'BRI'),(194,'CIMB Niaga'),(197,'Mandiri'),(200,'Permata'),(202,'CIMB Niaga'),(206,'BRI'),(211,'Permata'),(212,'BNI'),(217,'CIMB Niaga'),(218,'Maybank'),(222,'Mandiri'),(226,'BRI'),(227,'BRI'),(231,'CIMB Niaga'),(235,'Permata'),(237,'Mandiri'),(241,'BNI'),(248,'CIMB Niaga'),(249,'BNI'),(252,'CIMB Niaga'),(253,'Permata'),(256,'BRI'),(259,'BNI'),(261,'BRI'),(265,'Mandiri'),(271,'Mandiri'),(276,'Mandiri'),(277,'Permata'),(281,'CIMB Niaga'),(284,'Permata'),(287,'Permata'),(290,'Permata'),(292,'BNI'),(293,'BRI'),(295,'Mandiri'),(298,'BRI'),(302,'Permata'),(303,'BRI'),(304,'CIMB Niaga'),(307,'Maybank'),(308,'CIMB Niaga'),(311,'Mandiri'),(312,'BRI'),(316,'BRI'),(317,'Maybank'),(318,'BNI'),(319,'CIMB Niaga'),(320,'BRI'),(321,'Permata'),(322,'CIMB Niaga'),(324,'Mandiri'),(325,'Permata'),(327,'CIMB Niaga'),(328,'BNI'),(330,'BRI'),(332,'Maybank'),(334,'BRI'),(336,'Mandiri'),(339,'BRI'),(341,'CIMB Niaga'),(342,'Maybank'),(344,'Permata'),(346,'BNI'),(348,'CIMB Niaga'),(350,'Mandiri'),(354,'Permata'),(358,'BNI'),(359,'BRI'),(360,'BRI'),(364,'Mandiri'),(367,'Maybank'),(371,'CIMB Niaga'),(375,'Maybank'),(377,'BRI'),(378,'CIMB Niaga'),(381,'BNI'),(384,'Permata'),(387,'CIMB Niaga'),(390,'Permata'),(392,'Mandiri'),(394,'Mandiri'),(396,'BNI'),(400,'CIMB Niaga'),(403,'BNI'),(406,'CIMB Niaga'),(410,'BRI'),(411,'Permata'),(412,'Mandiri'),(414,'CIMB Niaga'),(418,'Maybank'),(422,'Mandiri'),(424,'BRI'),(428,'Permata'),(431,'BRI'),(435,'Maybank'),(438,'BNI'),(448,'BRI');
/*!40000 ALTER TABLE `bank_transfer` ENABLE KEYS */;
UNLOCK TABLES;

--
-- Table structure for table `credit_card`
--

DROP TABLE IF EXISTS `credit_card`;
/*!40101 SET @saved_cs_client     = @@character_set_client */;
/*!50503 SET character_set_client = utf8mb4 */;
CREATE TABLE `credit_card` (
  `Transaction_ID` int NOT NULL,
  `Card_Number` char(16) NOT NULL,
  `Card_Number_exp_date` date NOT NULL,
  `CCV_Code` char(3) NOT NULL,
  PRIMARY KEY (`Transaction_ID`),
  CONSTRAINT `fk_Transaction_ID_credit_card` FOREIGN KEY (`Transaction_ID`) REFERENCES `transaction` (`Transaction_ID`) ON DELETE RESTRICT ON UPDATE CASCADE
) ENGINE=InnoDB DEFAULT CHARSET=utf8mb4 COLLATE=utf8mb4_0900_ai_ci;
/*!40101 SET character_set_client = @saved_cs_client */;

--
-- Dumping data for table `credit_card`
--

LOCK TABLES `credit_card` WRITE;
/*!40000 ALTER TABLE `credit_card` DISABLE KEYS */;
INSERT INTO `credit_card` VALUES (2,'5147876297778207','2024-12-01','716'),(4,'5175029288920108','2026-11-01','538'),(5,'5232465157690375','2025-01-01','190'),(6,'5309755526425893','2027-05-01','373'),(7,'5426047451268227','2026-06-01','470'),(8,'5266123725275091','2027-08-01','941'),(9,'5548649323316911','2024-02-01','624'),(11,'5100975564651744','2025-06-01','473'),(12,'5116958787193605','2025-08-01','137'),(15,'5342356273143604','2026-02-01','615'),(16,'5387158980304495','2026-05-01','738'),(20,'5476157763731173','2026-07-01','903'),(21,'5373110337200583','2027-02-01','338'),(22,'5423886807628599','2026-12-01','921'),(25,'5463920657708978','2024-02-01','158'),(26,'5465159029087948','2027-08-01','696'),(28,'5264824705314899','2024-09-01','348'),(29,'5382242027799589','2026-01-01','344'),(31,'5586220098177889','2026-06-01','958'),(32,'5593255030486619','2026-12-01','870'),(33,'5262337296782285','2024-11-01','147'),(35,'5243071353748608','2024-07-01','593'),(36,'5449251828228038','2027-05-01','155'),(39,'5380347960770257','2026-04-01','855'),(42,'5228604126974058','2026-08-01','892'),(43,'5552146066610876','2026-01-01','544'),(46,'5322855441796536','2024-04-01','206'),(47,'5151912742254214','2024-06-01','901'),(48,'5409570452737461','2025-10-01','639'),(51,'5125976637052044','2025-06-01','777'),(52,'5487964590067771','2026-04-01','250'),(55,'5125919153733886','2025-07-01','836'),(60,'5217396666997432','2027-01-01','521'),(67,'5236714555198572','2027-10-01','184'),(68,'5538893080988254','2024-10-01','354'),(70,'5310443921130304','2027-07-01','705'),(71,'5561748303710473','2027-02-01','833'),(72,'5207421809426248','2026-01-01','481'),(76,'5261859285131605','2023-11-01','951'),(77,'5241740596913508','2027-10-01','515'),(80,'5578401333162684','2026-11-01','270'),(82,'5565332502879557','2027-03-01','526'),(84,'5411131314225991','2024-09-01','332'),(88,'5159640408695006','2026-09-01','344'),(90,'5315067053317564','2024-01-01','910'),(91,'5240308421621893','2027-04-01','555'),(95,'5296638159312593','2026-05-01','391'),(98,'5557272858916944','2026-04-01','638'),(99,'5208328775762614','2027-04-01','919'),(100,'5235261174393805','2024-06-01','133'),(102,'5421145719181854','2024-01-01','631'),(105,'5313682603098738','2026-12-01','428'),(107,'5420388373592757','2027-01-01','346'),(109,'5568573047544704','2024-06-01','694'),(111,'5452669843408927','2027-05-01','759'),(112,'5513226264501529','2027-07-01','159'),(122,'5170152883875611','2026-08-01','600'),(125,'5309995351050552','2027-10-01','995'),(128,'5474919176038062','2024-07-01','333'),(130,'5288728118618022','2027-02-01','624'),(132,'5455248781361435','2026-07-01','766'),(133,'5333831548055958','2026-01-01','432'),(135,'5542130024740341','2025-01-01','530'),(136,'5586177386384470','2027-03-01','172'),(138,'5164136117952492','2025-08-01','919'),(139,'5583035092322718','2027-04-01','386'),(142,'5194744105757890','2025-04-01','195'),(144,'5256949151214432','2025-10-01','613'),(146,'5482427860473538','2025-10-01','735'),(147,'5560799734496431','2025-10-01','620'),(148,'5187827902560663','2026-10-01','561'),(149,'5541063184996588','2027-05-01','431'),(153,'5409538566552019','2025-12-01','715'),(159,'5540367969388346','2024-09-01','798'),(160,'5483443943283025','2025-12-01','468'),(163,'5575211279174582','2025-10-01','371'),(165,'5538514853877322','2025-06-01','569'),(167,'5281661508426564','2027-01-01','966'),(170,'5293680208688196','2027-01-01','474'),(177,'5320314520704070','2024-12-01','498'),(181,'5539666955348252','2025-11-01','636'),(185,'5479252550890923','2025-09-01','844'),(193,'5139898984574517','2027-08-01','711'),(203,'5457342413494108','2026-02-01','499'),(205,'5307050069149908','2023-12-01','303'),(209,'5318817426472349','2025-04-01','545'),(213,'5113627441850693','2026-03-01','151'),(219,'5142632329875742','2025-04-01','457'),(223,'5280587833756089','2025-01-01','231'),(232,'5372401367043444','2027-02-01','848'),(234,'5341487827223435','2025-03-01','274'),(236,'5312363742810629','2027-07-01','169'),(238,'5380847395526745','2026-03-01','578'),(246,'5378255289838289','2025-06-01','738'),(250,'5195964373731448','2027-02-01','209'),(257,'5457629005263366','2027-04-01','356'),(260,'5170742575513528','2024-06-01','168'),(264,'5495334122310737','2023-12-01','279'),(267,'5589885423245382','2024-02-01','450'),(272,'5338926401673098','2023-11-01','273'),(274,'5209701213320758','2026-11-01','186'),(278,'5553353508325001','2026-11-01','927'),(280,'5594778935975591','2025-02-01','966'),(283,'5275887548579645','2024-07-01','489'),(288,'5337872214907920','2026-11-01','681'),(291,'5188579299643870','2024-08-01','846'),(299,'5543126496629508','2024-03-01','215'),(301,'5160648536211510','2026-08-01','630'),(306,'5144725523379335','2023-12-01','473'),(309,'5334285666760502','2026-04-01','869'),(315,'5310549951559772','2027-10-01','644'),(329,'5513345625684350','2024-03-01','107'),(335,'5176758923348643','2024-03-01','169'),(338,'5378914111849456','2024-10-01','291'),(349,'5414751675922998','2026-06-01','851'),(352,'5299940487446110','2026-01-01','257'),(356,'5235325599418867','2024-01-01','214'),(361,'5115790631604219','2026-08-01','486'),(363,'5442057794375787','2027-08-01','336'),(365,'5565971383618764','2025-08-01','766'),(370,'5211783159803142','2025-11-01','851'),(373,'5138683314887834','2026-05-01','383'),(379,'5214574691738327','2026-05-01','633'),(382,'5185846555117086','2027-07-01','936'),(383,'5275258578512775','2026-02-01','236'),(386,'5390367543932248','2027-03-01','855'),(388,'5196892359094870','2024-10-01','670'),(395,'5174899447078803','2026-06-01','429'),(397,'5543138946416998','2024-04-01','557'),(401,'5531681181368261','2026-07-01','638'),(409,'5459578811613934','2026-03-01','181'),(413,'5572977410547851','2024-04-01','877'),(416,'5456470135316753','2025-05-01','233'),(417,'5468515838629849','2025-02-01','231'),(419,'5166166437416397','2025-12-01','437'),(421,'5342143694000856','2023-11-01','830'),(423,'5142195140212313','2026-06-01','388'),(425,'5448783203948567','2023-11-01','201'),(429,'5106889378930208','2027-06-01','676'),(432,'5597653530044944','2026-06-01','496'),(434,'5295363637881769','2024-11-01','155'),(437,'5289476298786370','2025-07-01','866'),(441,'5386301906592550','2027-02-01','147'),(442,'5472858836312479','2025-07-01','551'),(443,'5264160620908188','2026-01-01','225'),(444,'5311302732628352','2023-11-01','833'),(445,'5579275640933006','2024-04-01','419'),(446,'5579281297301422','2026-10-01','438'),(447,'5387734373853957','2024-05-01','229'),(450,'5210042685138049','2026-05-01','292');
/*!40000 ALTER TABLE `credit_card` ENABLE KEYS */;
UNLOCK TABLES;

--
-- Table structure for table `e_wallet`
--

DROP TABLE IF EXISTS `e_wallet`;
/*!40101 SET @saved_cs_client     = @@character_set_client */;
/*!50503 SET character_set_client = utf8mb4 */;
CREATE TABLE `e_wallet` (
  `Transaction_ID` int NOT NULL,
  `E_Wallet_Name` varchar(30) NOT NULL,
  PRIMARY KEY (`Transaction_ID`),
  CONSTRAINT `fk_Transaction_ID_e_wallet` FOREIGN KEY (`Transaction_ID`) REFERENCES `transaction` (`Transaction_ID`) ON DELETE RESTRICT ON UPDATE CASCADE
) ENGINE=InnoDB DEFAULT CHARSET=utf8mb4 COLLATE=utf8mb4_0900_ai_ci;
/*!40101 SET character_set_client = @saved_cs_client */;

--
-- Dumping data for table `e_wallet`
--

LOCK TABLES `e_wallet` WRITE;
/*!40000 ALTER TABLE `e_wallet` DISABLE KEYS */;
INSERT INTO `e_wallet` VALUES (10,'ShopeePay'),(14,'GoPay'),(24,'GoPay'),(30,'GoPay'),(40,'GoPay'),(45,'ShopeePay'),(54,'GoPay'),(57,'ShopeePay'),(61,'ShopeePay'),(66,'GoPay'),(75,'GoPay'),(78,'GoPay'),(81,'GoPay'),(83,'ShopeePay'),(87,'GoPay'),(89,'GoPay'),(92,'ShopeePay'),(97,'GoPay'),(101,'GoPay'),(103,'GoPay'),(106,'GoPay'),(113,'ShopeePay'),(114,'ShopeePay'),(116,'ShopeePay'),(119,'ShopeePay'),(121,'GoPay'),(124,'GoPay'),(126,'ShopeePay'),(129,'GoPay'),(131,'GoPay'),(134,'ShopeePay'),(140,'GoPay'),(141,'GoPay'),(145,'GoPay'),(151,'GoPay'),(152,'GoPay'),(154,'GoPay'),(156,'ShopeePay'),(157,'GoPay'),(161,'ShopeePay'),(164,'GoPay'),(168,'GoPay'),(171,'GoPay'),(172,'ShopeePay'),(173,'GoPay'),(175,'GoPay'),(176,'ShopeePay'),(178,'GoPay'),(179,'GoPay'),(182,'ShopeePay'),(183,'GoPay'),(187,'GoPay'),(188,'GoPay'),(190,'GoPay'),(191,'ShopeePay'),(192,'ShopeePay'),(195,'ShopeePay'),(196,'GoPay'),(198,'GoPay'),(199,'ShopeePay'),(201,'GoPay'),(204,'GoPay'),(207,'GoPay'),(208,'GoPay'),(210,'ShopeePay'),(214,'GoPay'),(215,'GoPay'),(216,'ShopeePay'),(220,'GoPay'),(221,'GoPay'),(224,'GoPay'),(225,'GoPay'),(228,'ShopeePay'),(229,'GoPay'),(230,'GoPay'),(233,'GoPay'),(239,'GoPay'),(240,'GoPay'),(242,'GoPay'),(243,'GoPay'),(244,'GoPay'),(245,'GoPay'),(247,'GoPay'),(251,'ShopeePay'),(254,'ShopeePay'),(255,'GoPay'),(258,'GoPay'),(262,'GoPay'),(263,'ShopeePay'),(266,'ShopeePay'),(268,'ShopeePay'),(269,'ShopeePay'),(270,'ShopeePay'),(273,'GoPay'),(275,'GoPay'),(279,'GoPay'),(282,'GoPay'),(285,'GoPay'),(286,'GoPay'),(289,'GoPay'),(294,'ShopeePay'),(296,'GoPay'),(297,'GoPay'),(300,'ShopeePay'),(305,'GoPay'),(310,'GoPay'),(313,'GoPay'),(314,'GoPay'),(323,'GoPay'),(326,'ShopeePay'),(331,'GoPay'),(333,'ShopeePay'),(337,'ShopeePay'),(340,'GoPay'),(343,'GoPay'),(345,'GoPay'),(347,'GoPay'),(351,'GoPay'),(353,'ShopeePay'),(355,'ShopeePay'),(357,'ShopeePay'),(362,'GoPay'),(366,'ShopeePay'),(368,'GoPay'),(369,'GoPay'),(372,'GoPay'),(374,'GoPay'),(376,'GoPay'),(380,'GoPay'),(385,'ShopeePay'),(389,'ShopeePay'),(391,'GoPay'),(393,'GoPay'),(398,'ShopeePay'),(399,'ShopeePay'),(402,'ShopeePay'),(404,'GoPay'),(405,'GoPay'),(407,'GoPay'),(408,'ShopeePay'),(415,'GoPay'),(420,'GoPay'),(426,'GoPay'),(427,'GoPay'),(430,'GoPay'),(433,'ShopeePay'),(436,'ShopeePay'),(439,'ShopeePay'),(440,'ShopeePay'),(449,'GoPay');
/*!40000 ALTER TABLE `e_wallet` ENABLE KEYS */;
UNLOCK TABLES;

--
-- Table structure for table `transaction`
--

DROP TABLE IF EXISTS `transaction`;
/*!40101 SET @saved_cs_client     = @@character_set_client */;
/*!50503 SET character_set_client = utf8mb4 */;
CREATE TABLE `transaction` (
  `Transaction_ID` int NOT NULL AUTO_INCREMENT,
  `Transaction_Method` varchar(45) NOT NULL,
  `Transaction_Date` date NOT NULL,
  `Username` varchar(30) NOT NULL,
  `Plan` varchar(30) NOT NULL,
  PRIMARY KEY (`Transaction_ID`)
) ENGINE=InnoDB AUTO_INCREMENT=451 DEFAULT CHARSET=utf8mb4 COLLATE=utf8mb4_0900_ai_ci;
/*!40101 SET character_set_client = @saved_cs_client */;

--
-- Dumping data for table `transaction`
--

LOCK TABLES `transaction` WRITE;
/*!40000 ALTER TABLE `transaction` DISABLE KEYS */;
INSERT INTO `transaction` VALUES (1,'Bank_Transfer','2022-07-01','kdocwra1m','SMA Super 1 Tahun Ajaran'),(2,'Credit_Card','2022-07-01','ldrever3f','SMA Super Plus 1 Tahun Ajaran'),(3,'Bank_Transfer','2022-07-01','gsouthard47','SMP Super Plus 1 Tahun Ajaran'),(4,'Credit_Card','2022-07-01','aridoutt6a','SMA Super 1 Tahun Ajaran'),(5,'Credit_Card','2022-07-01','zeversfieldi','SMP Super Plus 1 Tahun Ajaran'),(6,'Credit_Card','2022-07-01','ebeathem4w','SMP Super 2 Tahun Ajaran'),(7,'Credit_Card','2022-07-01','vcuskery11','SMA Super Plus 1 Tahun Ajaran'),(8,'Credit_Card','2022-07-01','mbrumwell76','SMP Super 1 Tahun Ajaran'),(9,'Credit_Card','2022-07-01','asanto75','SMA Reguler 1 Tahun Ajaran'),(10,'E_Wallet','2022-07-01','opogosianav','SMA Reguler 1 Tahun Ajaran'),(11,'Credit_Card','2022-07-01','blavis77','SMP Super Plus 1 Tahun Ajaran'),(12,'Credit_Card','2022-07-01','jcastano2o','SMA Super Plus 1 Tahun Ajaran'),(13,'Bank_Transfer','2022-07-01','erankcomc6','SMA Super 1 Tahun Ajaran'),(14,'E_Wallet','2022-07-01','wduffilc5','SMP Super 1 Tahun Ajaran'),(15,'Credit_Card','2022-07-01','bdoldon1s','SMP Super 2 Tahun Ajaran'),(16,'Credit_Card','2022-07-01','sfrancom17','SMP Super 1 Tahun Ajaran'),(17,'Bank_Transfer','2022-07-01','lbrimley9i','SMP Super 1 Tahun Ajaran'),(18,'Bank_Transfer','2022-07-01','gbartolomucci8v','SMA Super Plus 1 Tahun Ajaran'),(19,'Bank_Transfer','2022-07-01','ghemphall70','Tryout UTBK s.d. Mei 2023'),(20,'Credit_Card','2022-07-02','oliddicoat6e','SMP Super 1 Tahun Ajaran'),(21,'Credit_Card','2022-07-02','mtebbothc3','SMA Super 1 Tahun Ajaran'),(22,'Credit_Card','2022-07-02','coloshkin2z','SMP Super Plus 1 Tahun Ajaran'),(23,'Bank_Transfer','2022-07-02','akase99','SMP Super 1 Tahun Ajaran'),(24,'E_Wallet','2022-07-02','sestickad','SMP Super 1 Tahun Ajaran'),(25,'Credit_Card','2022-07-02','kblanc1t','SMP Super Plus 1 Tahun Ajaran'),(26,'Credit_Card','2022-07-03','dharefoot7a','SMP Super 1 Tahun Ajaran'),(27,'Bank_Transfer','2022-07-03','pmaccaffrey9s','SMP Super 1 Tahun Ajaran'),(28,'Credit_Card','2022-07-03','mduddleb2','SMA Reguler 1 Tahun Ajaran'),(29,'Credit_Card','2022-07-03','emcsporrin1a','SMP Super 1 Tahun Ajaran'),(30,'E_Wallet','2022-07-03','sbris67','SMP Super 1 Tahun Ajaran'),(31,'Credit_Card','2022-07-03','amurieb','SMP Super 1 Tahun Ajaran'),(32,'Credit_Card','2022-07-03','mkryszkiecicz85','SMP Super 1 Tahun Ajaran'),(33,'Credit_Card','2022-07-03','sblackborne91','Tryout UTBK 1 Semester'),(34,'Bank_Transfer','2022-07-04','cedmans38','SMP Super Plus 1 Tahun Ajaran'),(35,'Credit_Card','2022-07-04','idolohunty8o','SMP Super 1 Tahun Ajaran'),(36,'Credit_Card','2022-07-04','krudderham9k','SMA Super Plus 1 Tahun Ajaran'),(37,'Bank_Transfer','2022-07-04','ggavrieli5w','SMA Super 2 Tahun Ajaran'),(38,'Bank_Transfer','2022-07-04','blawee6f','SMA Reguler 1 Tahun Ajaran'),(39,'Credit_Card','2022-07-04','amerring20','Tryout UTBK Plus 1 Semester'),(40,'E_Wallet','2022-07-05','mgomar1k','SMP Super Plus 1 Tahun Ajaran'),(41,'Bank_Transfer','2022-07-05','pcasselybz','Tryout UTBK 1 Semester'),(42,'Credit_Card','2022-07-05','amulvaney4h','SMA Reguler 1 Tahun Ajaran'),(43,'Credit_Card','2022-07-05','adumpleton9c','Tryout UTBK 1 Semester'),(44,'Bank_Transfer','2022-07-05','bskittrell2i','Tryout UTBK s.d. Mei 2023'),(45,'E_Wallet','2022-07-05','dcoke53','SMP Super 1 Tahun Ajaran'),(46,'Credit_Card','2022-07-06','elomisb0','SMP Super Plus 1 Tahun Ajaran'),(47,'Credit_Card','2022-07-06','lmilkin54','SMA Super Plus 1 Tahun Ajaran'),(48,'Credit_Card','2022-07-06','sflintoff6z','Tryout UTBK s.d. Mei 2023'),(49,'Bank_Transfer','2022-07-06','dbolzmann4z','SMA Super 2 Tahun Ajaran'),(50,'Bank_Transfer','2022-07-06','dguilaemr','SMA Super 1 Tahun Ajaran'),(51,'Credit_Card','2022-07-06','fdyment3i','Tryout UTBK 1 Semester'),(52,'Credit_Card','2022-07-07','eparysownacg','SMA Super 1 Tahun Ajaran'),(53,'Bank_Transfer','2022-07-07','nleopardbb','SMA Reguler 1 Tahun Ajaran'),(54,'E_Wallet','2022-07-07','cerratt9p','SMA Reguler 1 Tahun Ajaran'),(55,'Credit_Card','2022-07-08','pvallerc4','SMA Super Plus 1 Tahun Ajaran'),(56,'Bank_Transfer','2022-07-08','epauleit7r','Tryout UTBK 1 Semester'),(57,'E_Wallet','2022-07-08','fflattau','SMP Super Plus 1 Tahun Ajaran'),(58,'Bank_Transfer','2022-07-08','ggroomeca','SMP Super 1 Tahun Ajaran'),(59,'Bank_Transfer','2022-07-08','cwilce7x','SMA Super 1 Tahun Ajaran'),(60,'Credit_Card','2022-07-09','mdodgshun2a','SMA Reguler 1 Tahun Ajaran'),(61,'E_Wallet','2022-07-09','jjuggins6u','SMA Super 1 Tahun Ajaran'),(62,'Bank_Transfer','2022-07-09','mbenning32','Tryout UTBK Plus 1 Semester'),(63,'Bank_Transfer','2022-07-10','gpicknettm','Tryout UTBK s.d. Mei 2023'),(64,'Bank_Transfer','2022-07-10','keusdenccfcorbitta','Tryout UTBK 1 Semester'),(65,'Bank_Transfer','2022-07-10','fcorbitta','Tryout UTBK s.d. Mei 2023'),(66,'E_Wallet','2022-07-10','ltroy9m','SMA Super 1 Tahun Ajaran'),(67,'Credit_Card','2022-07-11','scallicott5t','SMA Reguler 1 Tahun Ajaran'),(68,'Credit_Card','2022-07-11','ihulks52','SMP Super 2 Tahun Ajaran'),(69,'Bank_Transfer','2022-07-12','tpauluzziam','SMA Reguler 1 Tahun Ajaran'),(70,'Credit_Card','2022-07-12','acowans7m','SMA Reguler 1 Tahun Ajaran'),(71,'Credit_Card','2022-07-12','ckralev','SMA Reguler 1 Tahun Ajaran'),(72,'Credit_Card','2022-07-12','isemechik68','SMP Super 2 Tahun Ajaran'),(73,'Bank_Transfer','2022-07-13','tlecornu3s','SMP Super 1 Tahun Ajaran'),(74,'Bank_Transfer','2022-07-13','aalsop2k','SMA Super Plus 1 Tahun Ajaran'),(75,'E_Wallet','2022-07-13','ghubbard7d','SMA Super 2 Tahun Ajaran'),(76,'Credit_Card','2022-07-15','malton6g','Tryout UTBK s.d. Mei 2023'),(77,'Credit_Card','2022-07-15','rdibb8a','SMA Super Plus 1 Tahun Ajaran'),(78,'E_Wallet','2022-07-15','dworsterc2','SMP Super 1 Tahun Ajaran'),(79,'Bank_Transfer','2022-07-15','mmagson5p','Tryout UTBK s.d. Mei 2023'),(80,'Credit_Card','2022-07-16','gblatherwick1y','SMP Super 1 Tahun Ajaran'),(81,'E_Wallet','2022-07-17','merikssonas','SMA Super 2 Tahun Ajaran'),(82,'Credit_Card','2022-07-17','jmacknockiter1z','SMP Super 2 Tahun Ajaran'),(83,'E_Wallet','2022-07-17','biacovaccio7h','SMA Super 2 Tahun Ajaran'),(84,'Credit_Card','2022-07-19','tkeppel7u','Tryout UTBK 1 Semester'),(85,'Bank_Transfer','2022-07-19','ssemorad5l','SMA Super 1 Tahun Ajaran'),(86,'Bank_Transfer','2022-07-19','jreary7n','SMP Super 1 Tahun Ajaran'),(87,'E_Wallet','2022-07-19','adolby8n','SMP Super 1 Tahun Ajaran'),(88,'Credit_Card','2022-07-20','hcowherd3t','SMA Super 1 Tahun Ajaran'),(89,'E_Wallet','2022-07-20','lspellecy13','SMP Super 1 Tahun Ajaran'),(90,'Credit_Card','2022-07-21','fmonaghan3c','SMA Super 2 Tahun Ajaran'),(91,'Credit_Card','2022-07-22','cscorrer97','Tryout UTBK s.d. Mei 2023'),(92,'E_Wallet','2022-07-23','pdodman1q','SMP Super 1 Tahun Ajaran'),(93,'Bank_Transfer','2022-07-24','mbridge2h','SMA Reguler 1 Tahun Ajaran'),(94,'Bank_Transfer','2022-07-24','mbortoletti2e','SMA Reguler 1 Tahun Ajaran'),(95,'Credit_Card','2022-07-24','tadiscot7b','SMA Super 2 Tahun Ajaran'),(96,'Bank_Transfer','2022-07-25','hdanielovitchap','SMA Super 2 Tahun Ajaran'),(97,'E_Wallet','2022-07-25','smaccard7l','SMA Reguler 1 Tahun Ajaran'),(98,'Credit_Card','2022-07-26','awincebp','SMP Super Plus 1 Tahun Ajaran'),(99,'Credit_Card','2022-07-26','jpiesing9t','SMA Super Plus 1 Tahun Ajaran'),(100,'Credit_Card','2022-07-26','mfrushard3a','Tryout UTBK 1 Semester'),(101,'E_Wallet','2022-07-27','akenton8h','Tryout UTBK s.d. Mei 2023'),(102,'Credit_Card','2022-07-27','rscudders4f','SMP Super 1 Tahun Ajaran'),(103,'E_Wallet','2022-07-28','bibel1w','SMA Super Plus 1 Tahun Ajaran'),(104,'Bank_Transfer','2022-07-28','dbartolomivis83','SMP Super 1 Tahun Ajaran'),(105,'Credit_Card','2022-07-28','gdinisco7j','SMA Reguler 1 Tahun Ajaran'),(106,'E_Wallet','2022-07-28','awolfer29','SMA Super 2 Tahun Ajaran'),(107,'Credit_Card','2022-07-28','cmartineau4g','SMA Super 1 Tahun Ajaran'),(108,'Bank_Transfer','2022-07-28','lkittow7k','SMP Super Plus 1 Tahun Ajaran'),(109,'Credit_Card','2022-07-29','amanes5o','SMA Super Plus 1 Tahun Ajaran'),(110,'Bank_Transfer','2022-07-29','nspickett34','SMA Super 2 Tahun Ajaran'),(111,'Credit_Card','2022-07-29','mlancett39','SMP Super 1 Tahun Ajaran'),(112,'Credit_Card','2022-07-30','wcolwill42','SMA Super 2 Tahun Ajaran'),(113,'E_Wallet','2022-07-30','odarycott45','SMP Super Plus 1 Tahun Ajaran'),(114,'E_Wallet','2022-07-30','mocarney64','Tryout UTBK Plus 1 Semester'),(115,'Bank_Transfer','2022-07-30','criedigerj','SMP Super 2 Tahun Ajaran'),(116,'E_Wallet','2022-07-31','bpurkisc1','Tryout UTBK s.d. Mei 2023'),(117,'Bank_Transfer','2022-07-31','ddanson2c','Tryout UTBK Plus 1 Semester'),(118,'Bank_Transfer','2022-07-31','wdarwen6m','Tryout UTBK s.d. Mei 2023'),(119,'E_Wallet','2022-07-31','gassante2f','Tryout UTBK s.d. Mei 2023'),(120,'Bank_Transfer','2022-07-31','dlee9l','Tryout UTBK Plus 1 Semester'),(121,'E_Wallet','2022-08-01','kdoumerque9b','SMP Super 2 Tahun Ajaran'),(122,'Credit_Card','2022-08-01','jduckitt63','Tryout UTBK s.d. Mei 2023'),(123,'Bank_Transfer','2022-08-01','bbrodest6t','SMP Super 1 Tahun Ajaran'),(124,'E_Wallet','2022-08-01','tboldersonbn','Tryout UTBK s.d. Mei 2023'),(125,'Credit_Card','2022-08-01','aeglington3x','SMP Super 2 Tahun Ajaran'),(126,'E_Wallet','2022-08-01','egatch55','SMA Super 1 Tahun Ajaran'),(127,'Bank_Transfer','2022-08-02','fbenger61','SMA Super 1 Tahun Ajaran'),(128,'Credit_Card','2022-08-02','wschwier2s','SMP Super Plus 1 Tahun Ajaran'),(129,'E_Wallet','2022-08-03','tfeaster0','SMA Super Plus 1 Tahun Ajaran'),(130,'Credit_Card','2022-08-03','adaunaya6','SMA Super 2 Tahun Ajaran'),(131,'E_Wallet','2022-08-03','clamborne4l','SMP Super Plus 1 Tahun Ajaran'),(132,'Credit_Card','2022-08-04','odubber98','SMA Super 2 Tahun Ajaran'),(133,'Credit_Card','2022-08-04','tlightowler4i','Tryout UTBK Plus 1 Semester'),(134,'E_Wallet','2022-08-05','espanton48','SMA Super 2 Tahun Ajaran'),(135,'Credit_Card','2022-08-05','cskoulingaq','Tryout UTBK 1 Semester'),(136,'Credit_Card','2022-08-05','keastopea1','SMP Super 1 Tahun Ajaran'),(137,'Bank_Transfer','2022-08-06','umitteny','SMP Super Plus 1 Tahun Ajaran'),(138,'Credit_Card','2022-08-07','ldorman3z','SMA Super 2 Tahun Ajaran'),(139,'Credit_Card','2022-08-08','trevel5n','SMA Super 1 Tahun Ajaran'),(140,'E_Wallet','2022-08-09','wblakese','SMA Super Plus 1 Tahun Ajaran'),(141,'E_Wallet','2022-08-09','mmcquillan51','SMP Super 1 Tahun Ajaran'),(142,'Credit_Card','2022-08-11','ialbert19','SMP Super 1 Tahun Ajaran'),(143,'Bank_Transfer','2022-08-11','cferrandb8','SMP Super Plus 1 Tahun Ajaran'),(144,'Credit_Card','2022-08-11','fgoggey1b','SMP Super 1 Tahun Ajaran'),(145,'E_Wallet','2022-08-11','llumley1g','SMP Super 1 Tahun Ajaran'),(146,'Credit_Card','2022-08-15','rbrindley8p','SMA Super Plus 1 Tahun Ajaran'),(147,'Credit_Card','2022-08-15','agrabbam74','SMP Super 1 Tahun Ajaran'),(148,'Credit_Card','2022-08-15','scucuzza2q','SMP Super 1 Tahun Ajaran'),(149,'Credit_Card','2022-08-15','bguerola6w','SMA Super 1 Tahun Ajaran'),(150,'Bank_Transfer','2022-08-16','fbriers2g','SMA Super 2 Tahun Ajaran'),(151,'E_Wallet','2022-08-16','ksetterthwait5g','SMP Super 2 Tahun Ajaran'),(152,'E_Wallet','2022-08-17','dfalcka4','SMA Super 1 Tahun Ajaran'),(153,'Credit_Card','2022-08-17','massender3e','SMP Super 1 Tahun Ajaran'),(154,'E_Wallet','2022-08-17','rpeeke4d','SMP Super 2 Tahun Ajaran'),(155,'Bank_Transfer','2022-08-17','efalck8k','Tryout UTBK s.d. Mei 2023'),(156,'E_Wallet','2022-08-17','everty2x','SMP Super 2 Tahun Ajaran'),(157,'E_Wallet','2022-08-17','sthorneyworkbm','SMP Super 1 Tahun Ajaran'),(158,'Bank_Transfer','2022-08-17','cthomessonbh','SMA Super Plus 1 Tahun Ajaran'),(159,'Credit_Card','2022-08-17','rgascoignebw','SMA Reguler 1 Tahun Ajaran'),(160,'Credit_Card','2022-08-17','ifruchon81','SMP Super 2 Tahun Ajaran'),(161,'E_Wallet','2022-08-17','mlauchlanc','SMA Super 1 Tahun Ajaran'),(162,'Bank_Transfer','2022-08-17','tjaneway10','SMP Super Plus 1 Tahun Ajaran'),(163,'Credit_Card','2022-08-17','gstrasse5z','Tryout UTBK s.d. Mei 2023'),(164,'E_Wallet','2022-08-17','rdanilovic2u','SMP Super 2 Tahun Ajaran'),(165,'Credit_Card','2022-08-17','dbottom4a','Tryout UTBK Plus 1 Semester'),(166,'Bank_Transfer','2022-08-17','lthorsen50','SMA Reguler 1 Tahun Ajaran'),(167,'Credit_Card','2022-08-17','joldacres84','SMP Super 2 Tahun Ajaran'),(168,'E_Wallet','2022-08-17','eambrosoli30','SMP Super 1 Tahun Ajaran'),(169,'Bank_Transfer','2022-08-17','atulip8u','SMP Super 2 Tahun Ajaran'),(170,'Credit_Card','2022-08-17','wdeetch1r','SMA Reguler 1 Tahun Ajaran'),(171,'E_Wallet','2022-08-17','sbromley4x','SMP Super Plus 1 Tahun Ajaran'),(172,'E_Wallet','2022-08-17','rvarnam4b','SMA Reguler 1 Tahun Ajaran'),(173,'E_Wallet','2022-08-17','mellerton7p','Tryout UTBK s.d. Mei 2023'),(174,'Bank_Transfer','2022-08-18','ppinnigaraw','SMA Reguler 1 Tahun Ajaran'),(175,'E_Wallet','2022-08-19','imarriagea2','SMP Super 2 Tahun Ajaran'),(176,'E_Wallet','2022-08-19','sblanqued','SMP Super 1 Tahun Ajaran'),(177,'Credit_Card','2022-08-21','rgendricke31','SMA Super 1 Tahun Ajaran'),(178,'E_Wallet','2022-08-21','myannonia3','SMA Reguler 1 Tahun Ajaran'),(179,'E_Wallet','2022-08-21','ypulleraz','SMP Super 2 Tahun Ajaran'),(180,'Bank_Transfer','2022-08-21','anewham12','SMA Reguler 1 Tahun Ajaran'),(181,'Credit_Card','2022-08-23','cbernard5x','Tryout UTBK Plus 1 Semester'),(182,'E_Wallet','2022-08-23','rbausmann8s','SMA Reguler 1 Tahun Ajaran'),(183,'E_Wallet','2022-08-23','ddransfield88','SMP Super 1 Tahun Ajaran'),(184,'Bank_Transfer','2022-08-23','sdunsmore92','SMP Super 2 Tahun Ajaran'),(185,'Credit_Card','2022-08-25','wabrahamit','SMA Super 1 Tahun Ajaran'),(186,'Bank_Transfer','2022-08-25','mlowde6','SMA Reguler 1 Tahun Ajaran'),(187,'E_Wallet','2022-08-25','tadds9w','SMP Super 1 Tahun Ajaran'),(188,'E_Wallet','2022-08-26','jandrelli6q','SMP Super 1 Tahun Ajaran'),(189,'Bank_Transfer','2022-08-27','jdirran','SMA Reguler 1 Tahun Ajaran'),(190,'E_Wallet','2022-08-27','swimms3q','SMA Super 2 Tahun Ajaran'),(191,'E_Wallet','2022-08-30','acromwell9h','SMP Super 1 Tahun Ajaran'),(192,'E_Wallet','2022-08-30','tweatherley4u','SMP Super Plus 1 Tahun Ajaran'),(193,'Credit_Card','2022-08-30','mcopcotth','SMA Reguler 1 Tahun Ajaran'),(194,'Bank_Transfer','2022-08-31','ptimminsb1','SMA Reguler 1 Tahun Ajaran'),(195,'E_Wallet','2022-08-31','mmicheu2r','SMP Super 2 Tahun Ajaran'),(196,'E_Wallet','2022-09-01','gquiney6y','Tryout UTBK Plus 1 Semester'),(197,'Bank_Transfer','2022-09-01','fstaves3v','SMA Reguler 1 Tahun Ajaran'),(198,'E_Wallet','2022-09-01','mblaney49','SMA Super Plus 1 Tahun Ajaran'),(199,'E_Wallet','2022-09-01','mlattimorep','SMP Super 2 Tahun Ajaran'),(200,'Bank_Transfer','2022-09-01','eruddifortha0','SMA Reguler 1 Tahun Ajaran'),(201,'E_Wallet','2022-09-01','tarberak','SMA Super 1 Tahun Ajaran'),(202,'Bank_Transfer','2022-09-01','uvannucciniibq','SMP Super 1 Tahun Ajaran'),(203,'Credit_Card','2022-09-03','dhenkeu','SMA Reguler 1 Tahun Ajaran'),(204,'E_Wallet','2022-09-04','redgaraf','SMA Reguler 1 Tahun Ajaran'),(205,'Credit_Card','2022-09-05','jdimmackaj','SMP Super 2 Tahun Ajaran'),(206,'Bank_Transfer','2022-09-05','rbeardwood1n','SMA Super 2 Tahun Ajaran'),(207,'E_Wallet','2022-09-05','dmarenay','SMA Reguler 1 Tahun Ajaran'),(208,'E_Wallet','2022-09-06','fcapstake3b','SMP Super Plus 1 Tahun Ajaran'),(209,'Credit_Card','2022-09-07','sholliganac','SMA Reguler 1 Tahun Ajaran'),(210,'E_Wallet','2022-09-07','mcripps9q','Tryout UTBK s.d. Mei 2023'),(211,'Bank_Transfer','2022-09-07','afussell3y','SMA Reguler 1 Tahun Ajaran'),(212,'Bank_Transfer','2022-09-10','laim7i','SMP Super 1 Tahun Ajaran'),(213,'Credit_Card','2022-09-10','msyer9y','SMA Reguler 1 Tahun Ajaran'),(214,'E_Wallet','2022-09-10','dimlacke89','SMA Reguler 1 Tahun Ajaran'),(215,'E_Wallet','2022-09-10','tshilstone4o','SMP Super 2 Tahun Ajaran'),(216,'E_Wallet','2022-09-11','tcussins26','SMA Reguler 1 Tahun Ajaran'),(217,'Bank_Transfer','2022-09-11','kbertolaccini5s','SMA Reguler 1 Tahun Ajaran'),(218,'Bank_Transfer','2022-09-12','nsawkin7o','Tryout UTBK Plus 1 Semester'),(219,'Credit_Card','2022-09-12','mhitzke80','SMA Reguler 1 Tahun Ajaran'),(220,'E_Wallet','2022-09-12','espriginby','SMP Super Plus 1 Tahun Ajaran'),(221,'E_Wallet','2022-09-13','rkamiyama4v','SMA Super 1 Tahun Ajaran'),(222,'Bank_Transfer','2022-09-13','plooks94','SMP Super 2 Tahun Ajaran'),(223,'Credit_Card','2022-09-13','dperrotc8','SMA Reguler 1 Tahun Ajaran'),(224,'E_Wallet','2022-09-13','clhommeau7e','Tryout UTBK s.d. Mei 2023'),(225,'E_Wallet','2022-09-13','omcguirebr','SMA Reguler 1 Tahun Ajaran'),(226,'Bank_Transfer','2022-09-14','tpiercey9f','SMA Super Plus 1 Tahun Ajaran'),(227,'Bank_Transfer','2022-09-14','laldhous8t','SMA Reguler 1 Tahun Ajaran'),(228,'E_Wallet','2022-09-14','ecalan71','SMP Super 1 Tahun Ajaran'),(229,'E_Wallet','2022-09-14','irigney9u','SMA Reguler 1 Tahun Ajaran'),(230,'E_Wallet','2022-09-15','slysaghtab','SMA Super 2 Tahun Ajaran'),(231,'Bank_Transfer','2022-09-15','khallawella7','SMP Super 1 Tahun Ajaran'),(232,'Credit_Card','2022-09-15','msharplin8j','SMA Reguler 1 Tahun Ajaran'),(233,'E_Wallet','2022-09-20','smccambrois3n','SMA Reguler 1 Tahun Ajaran'),(234,'Credit_Card','2022-09-20','lgoodings4q','SMP Super 2 Tahun Ajaran'),(235,'Bank_Transfer','2022-09-20','lpibornbg','SMA Reguler 1 Tahun Ajaran'),(236,'Credit_Card','2022-09-21','mpieterickbf','Tryout UTBK Plus 1 Semester'),(237,'Bank_Transfer','2022-09-21','jmeanwell4','Tryout UTBK s.d. Mei 2023'),(238,'Credit_Card','2022-09-21','clittlemorel','SMA Reguler 1 Tahun Ajaran'),(239,'E_Wallet','2022-09-22','cborland23','SMP Super 1 Tahun Ajaran'),(240,'E_Wallet','2022-09-22','gkivlin7s','SMA Reguler 1 Tahun Ajaran'),(241,'Bank_Transfer','2022-09-22','gsieghart87','SMA Reguler 1 Tahun Ajaran'),(242,'E_Wallet','2022-09-22','fpallaske6o','SMP Super Plus 1 Tahun Ajaran'),(243,'E_Wallet','2022-09-23','bpapenae','SMA Reguler 1 Tahun Ajaran'),(244,'E_Wallet','2022-09-23','theifer3o','SMA Super 1 Tahun Ajaran'),(245,'E_Wallet','2022-09-24','ufrangello69','SMA Reguler 1 Tahun Ajaran'),(246,'Credit_Card','2022-09-24','ihedger9o','SMP Super 2 Tahun Ajaran'),(247,'E_Wallet','2022-09-24','adilke5r','Tryout UTBK Plus 1 Semester'),(248,'Bank_Transfer','2022-09-24','smactrustie3j','SMA Reguler 1 Tahun Ajaran'),(249,'Bank_Transfer','2022-09-26','mlethby8w','SMP Super 1 Tahun Ajaran'),(250,'Credit_Card','2022-09-26','wgregorowicz6x','Tryout UTBK s.d. Mei 2023'),(251,'E_Wallet','2022-09-26','fnice8f','SMA Super Plus 1 Tahun Ajaran'),(252,'Bank_Transfer','2022-09-27','kgellett4p','SMA Reguler 1 Tahun Ajaran'),(253,'Bank_Transfer','2022-09-28','cherkesss','SMP Super Plus 1 Tahun Ajaran'),(254,'E_Wallet','2022-09-28','rodempseybt','SMA Super 2 Tahun Ajaran'),(255,'E_Wallet','2022-09-29','tlambertz9','SMA Reguler 1 Tahun Ajaran'),(256,'Bank_Transfer','2022-09-29','ssiburn25','SMP Super 1 Tahun Ajaran'),(257,'Credit_Card','2022-09-29','baireton66','SMA Reguler 1 Tahun Ajaran'),(258,'E_Wallet','2022-10-01','iguerri43','SMP Super 2 Tahun Ajaran'),(259,'Bank_Transfer','2022-10-01','makers3r','SMA Reguler 1 Tahun Ajaran'),(260,'Credit_Card','2022-10-01','tserfatik','SMA Super 2 Tahun Ajaran'),(261,'Bank_Transfer','2022-10-01','vmoxon5c','SMP Super 2 Tahun Ajaran'),(262,'E_Wallet','2022-10-01','bfrantzen22','SMA Super 1 Tahun Ajaran'),(263,'E_Wallet','2022-10-01','mlancastleax','SMA Reguler 1 Tahun Ajaran'),(264,'Credit_Card','2022-10-01','vturnerf','SMP Super 2 Tahun Ajaran'),(265,'Bank_Transfer','2022-10-02','tdebenham3','SMP Super 1 Tahun Ajaran'),(266,'E_Wallet','2022-10-02','sanfossi8i','SMA Reguler 1 Tahun Ajaran'),(267,'Credit_Card','2022-10-02','ncritchellba','Tryout UTBK s.d. Mei 2023'),(268,'E_Wallet','2022-10-03','sstanaway3w','Tryout UTBK Plus 1 Semester'),(269,'E_Wallet','2022-10-03','blembcke40','SMA Reguler 1 Tahun Ajaran'),(270,'E_Wallet','2022-10-03','abellows1o','SMA Super 2 Tahun Ajaran'),(271,'Bank_Transfer','2022-10-03','cauchterlony21','SMP Super 2 Tahun Ajaran'),(272,'Credit_Card','2022-10-03','sjanowicz78','SMA Super 2 Tahun Ajaran'),(273,'E_Wallet','2022-10-03','jbeavonc0','SMA Super 1 Tahun Ajaran'),(274,'Credit_Card','2022-10-05','ctrustrie82','SMA Reguler 1 Tahun Ajaran'),(275,'E_Wallet','2022-10-05','cthroughtonbv','Tryout UTBK s.d. Mei 2023'),(276,'Bank_Transfer','2022-10-05','rkunzw','SMP Super 2 Tahun Ajaran'),(277,'Bank_Transfer','2022-10-06','telegood1e','SMP Super 1 Tahun Ajaran'),(278,'Credit_Card','2022-10-06','tfink3h','SMA Reguler 1 Tahun Ajaran'),(279,'E_Wallet','2022-10-06','icoventon4m','SMA Reguler 1 Tahun Ajaran'),(280,'Credit_Card','2022-10-06','ffolkard65','SMA Reguler 1 Tahun Ajaran'),(281,'Bank_Transfer','2022-10-07','akleehuhler7w','SMP Super 2 Tahun Ajaran'),(282,'E_Wallet','2022-10-07','emoreland6h','SMA Reguler 1 Tahun Ajaran'),(283,'Credit_Card','2022-10-07','gjagiello1p','SMP Super 2 Tahun Ajaran'),(284,'Bank_Transfer','2022-10-07','jclunan37','SMA Super 2 Tahun Ajaran'),(285,'E_Wallet','2022-10-07','smougelag','SMA Reguler 1 Tahun Ajaran'),(286,'E_Wallet','2022-10-08','jjoinsonbu','Tryout UTBK Plus 1 Semester'),(287,'Bank_Transfer','2022-10-09','vdetoile46','SMP Super 2 Tahun Ajaran'),(288,'Credit_Card','2022-10-10','emarler93','SMA Reguler 1 Tahun Ajaran'),(289,'E_Wallet','2022-10-10','lpacht8m','Tryout UTBK s.d. Mei 2023'),(290,'Bank_Transfer','2022-10-10','lastyn','SMA Reguler 1 Tahun Ajaran'),(291,'Credit_Card','2022-10-10','eacors3p','SMA Super Plus 1 Tahun Ajaran'),(292,'Bank_Transfer','2022-10-10','acuxon6s','SMA Reguler 1 Tahun Ajaran'),(293,'Bank_Transfer','2022-10-10','gmcilheran6c','SMP Super 1 Tahun Ajaran'),(294,'E_Wallet','2022-10-10','cspinigeb3','SMP Super 2 Tahun Ajaran'),(295,'Bank_Transfer','2022-10-11','lbaggarleyb5','SMA Super 2 Tahun Ajaran'),(296,'E_Wallet','2022-10-13','aduffieldg','SMA Reguler 1 Tahun Ajaran'),(297,'E_Wallet','2022-10-13','ostreather5y','SMA Reguler 1 Tahun Ajaran'),(298,'Bank_Transfer','2022-10-15','jquinn3g','SMA Super 1 Tahun Ajaran'),(299,'Credit_Card','2022-10-15','wmcclurecf','SMP Super 2 Tahun Ajaran'),(300,'E_Wallet','2022-10-15','gollivierat','SMA Reguler 1 Tahun Ajaran'),(301,'Credit_Card','2022-10-15','fyateman2d','SMP Super Plus 1 Tahun Ajaran'),(302,'Bank_Transfer','2022-10-15','bnovkovic5i','SMA Reguler 1 Tahun Ajaran'),(303,'Bank_Transfer','2022-10-16','imotta5','SMP Super 2 Tahun Ajaran'),(304,'Bank_Transfer','2022-10-16','vllewhellin44','Tryout UTBK Plus 1 Semester'),(305,'E_Wallet','2022-10-17','astapleford7z','SMA Super 2 Tahun Ajaran'),(306,'Credit_Card','2022-10-17','sbrounfield9z','SMA Reguler 1 Tahun Ajaran'),(307,'Bank_Transfer','2022-10-17','bgoodered1l','SMP Super 2 Tahun Ajaran'),(308,'Bank_Transfer','2022-10-17','laddams6v','SMP Super 1 Tahun Ajaran'),(309,'Credit_Card','2022-10-17','gkirkbrightal','SMA Reguler 1 Tahun Ajaran'),(310,'E_Wallet','2022-10-19','bstraker9r','SMA Reguler 1 Tahun Ajaran'),(311,'Bank_Transfer','2022-10-19','mbarts8q','SMP Super 2 Tahun Ajaran'),(312,'Bank_Transfer','2022-10-19','mbradie56','SMA Reguler 1 Tahun Ajaran'),(313,'E_Wallet','2022-10-19','lmarlinc9','SMP Super Plus 1 Tahun Ajaran'),(314,'E_Wallet','2022-10-20','hwatford9g','Tryout UTBK s.d. Mei 2023'),(315,'Credit_Card','2022-10-20','jkenneway4j','SMA Reguler 1 Tahun Ajaran'),(316,'Bank_Transfer','2022-10-20','jtrumpera9','SMP Super Plus 1 Tahun Ajaran'),(317,'Bank_Transfer','2022-10-21','pantalffy1j','SMA Reguler 1 Tahun Ajaran'),(318,'Bank_Transfer','2022-10-23','irozzell86','SMA Super 2 Tahun Ajaran'),(319,'Bank_Transfer','2022-10-23','givancevic6j','SMP Super 2 Tahun Ajaran'),(320,'Bank_Transfer','2022-10-23','igoodbournbi','SMA Super Plus 1 Tahun Ajaran'),(321,'Bank_Transfer','2022-10-23','wthundercliffe5a','SMA Reguler 1 Tahun Ajaran'),(322,'Bank_Transfer','2022-10-23','nwombwell6p','SMA Reguler 1 Tahun Ajaran'),(323,'E_Wallet','2022-10-23','ogodwyn57','SMP Super 1 Tahun Ajaran'),(324,'Bank_Transfer','2022-10-26','wjenman2p','SMP Super Plus 1 Tahun Ajaran'),(325,'Bank_Transfer','2022-10-26','byakobowitch5f','SMP Super 2 Tahun Ajaran'),(326,'E_Wallet','2022-10-27','bloble5','SMA Reguler 1 Tahun Ajaran'),(327,'Bank_Transfer','2022-10-27','mskepper7q','SMA Reguler 1 Tahun Ajaran'),(328,'Bank_Transfer','2022-10-27','gjanasb9','SMA Super 1 Tahun Ajaran'),(329,'Credit_Card','2022-10-27','cmccarroll9a','Tryout UTBK s.d. Mei 2023'),(330,'Bank_Transfer','2022-10-27','amurrock8x','SMA Super 1 Tahun Ajaran'),(331,'E_Wallet','2022-10-28','mdibb8r','SMA Reguler 1 Tahun Ajaran'),(332,'Bank_Transfer','2022-10-28','mkiledal5u','SMA Super 2 Tahun Ajaran'),(333,'E_Wallet','2022-10-28','glocknerbd','SMA Reguler 1 Tahun Ajaran'),(334,'Bank_Transfer','2022-10-29','ckelson4e','SMP Super 1 Tahun Ajaran'),(335,'Credit_Card','2022-10-30','dsellner4k','SMP Super 2 Tahun Ajaran'),(336,'Bank_Transfer','2022-10-30','mdingle15','SMA Reguler 1 Tahun Ajaran'),(337,'E_Wallet','2022-10-31','msimonutti3m','SMA Super 2 Tahun Ajaran'),(338,'Credit_Card','2022-10-31','nmcquirter9d','SMP Super 1 Tahun Ajaran'),(339,'Bank_Transfer','2022-10-31','kkolakovic8y','SMP Super 2 Tahun Ajaran'),(340,'E_Wallet','2022-11-01','lhankins2v','SMA Reguler 1 Tahun Ajaran'),(341,'Bank_Transfer','2022-11-01','gmccane1i','SMA Super 2 Tahun Ajaran'),(342,'Bank_Transfer','2022-11-01','gbelitz3u','SMP Super 2 Tahun Ajaran'),(343,'E_Wallet','2022-11-01','dstrangerbe','Tryout UTBK s.d. Mei 2023'),(344,'Bank_Transfer','2022-11-01','ppercifer5b','Tryout UTBK Plus 1 Semester'),(345,'E_Wallet','2022-11-01','mmound9v','SMA Reguler 1 Tahun Ajaran'),(346,'Bank_Transfer','2022-11-01','iluchelli6d','SMA Reguler 1 Tahun Ajaran'),(347,'E_Wallet','2022-11-01','rpydcock8e','SMA Reguler 1 Tahun Ajaran'),(348,'Bank_Transfer','2022-11-01','dlaskey6k','SMP Super 1 Tahun Ajaran'),(349,'Credit_Card','2022-11-01','cpitford95','SMP Super Plus 1 Tahun Ajaran'),(350,'Bank_Transfer','2022-11-01','rthurgood5v','SMA Super Plus 1 Tahun Ajaran'),(351,'E_Wallet','2022-11-04','ghyland2l','SMA Super 2 Tahun Ajaran'),(352,'Credit_Card','2022-11-04','mhanksah','SMA Super 1 Tahun Ajaran'),(353,'E_Wallet','2022-11-04','tdowbigginbl','SMA Reguler 1 Tahun Ajaran'),(354,'Bank_Transfer','2022-11-04','ibeadles6r','SMA Reguler 1 Tahun Ajaran'),(355,'E_Wallet','2022-11-07','wblees16','SMA Reguler 1 Tahun Ajaran'),(356,'Credit_Card','2022-11-07','gpetasch5q','SMP Super 2 Tahun Ajaran'),(357,'E_Wallet','2022-11-11','rdahlback1c','SMP Super 1 Tahun Ajaran'),(358,'Bank_Transfer','2022-11-11','fbuckel35','SMA Reguler 1 Tahun Ajaran'),(359,'Bank_Transfer','2022-11-11','byashunin2j','SMA Reguler 1 Tahun Ajaran'),(360,'Bank_Transfer','2022-11-11','gmalmarq','SMA Reguler 1 Tahun Ajaran'),(361,'Credit_Card','2022-11-11','pdallewater7','SMP Super Plus 1 Tahun Ajaran'),(362,'E_Wallet','2022-11-11','dstrangwoodx','SMP Super 2 Tahun Ajaran'),(363,'Credit_Card','2022-11-11','dkearfordbk','SMP Super 1 Tahun Ajaran'),(364,'Bank_Transfer','2022-11-11','bpischof1x','Tryout UTBK Plus 1 Semester'),(365,'Credit_Card','2022-11-11','uwoollaston8c','SMA Reguler 1 Tahun Ajaran'),(366,'E_Wallet','2022-11-11','wbowlesworth7y','SMA Reguler 1 Tahun Ajaran'),(367,'Bank_Transfer','2022-11-11','kleyden6b','SMA Super 2 Tahun Ajaran'),(368,'E_Wallet','2022-11-11','lvarrow5k','SMA Reguler 1 Tahun Ajaran'),(369,'E_Wallet','2022-11-11','cmenchentonb4','SMP Super Plus 1 Tahun Ajaran'),(370,'Credit_Card','2022-11-11','hniemetz4s','SMP Super 1 Tahun Ajaran'),(371,'Bank_Transfer','2022-11-11','nmarke58','SMA Reguler 1 Tahun Ajaran'),(372,'E_Wallet','2022-11-11','hfleetham1d','SMP Super 2 Tahun Ajaran'),(373,'Credit_Card','2022-11-14','naloigibj','SMA Reguler 1 Tahun Ajaran'),(374,'E_Wallet','2022-11-14','rrichardsson59','SMA Reguler 1 Tahun Ajaran'),(375,'Bank_Transfer','2022-11-15','ctessier8z','SMA Reguler 1 Tahun Ajaran'),(376,'E_Wallet','2022-11-16','smichelle5m','SMP Super 2 Tahun Ajaran'),(377,'Bank_Transfer','2022-11-16','cmobley6n','SMA Reguler 1 Tahun Ajaran'),(378,'Bank_Transfer','2022-11-17','gflorisbo','Tryout UTBK s.d. Mei 2023'),(379,'Credit_Card','2022-11-17','gfergie4n','SMA Reguler 1 Tahun Ajaran'),(380,'E_Wallet','2022-11-17','cmartinek5j','Tryout UTBK Plus 1 Semester'),(381,'Bank_Transfer','2022-11-17','asymondson90','SMA Reguler 1 Tahun Ajaran'),(382,'Credit_Card','2022-11-17','asaill27','SMA Reguler 1 Tahun Ajaran'),(383,'Credit_Card','2022-11-17','sgrote7g','SMP Super 2 Tahun Ajaran'),(384,'Bank_Transfer','2022-11-18','sdresse28','SMP Super 1 Tahun Ajaran'),(385,'E_Wallet','2022-11-18','jmaggiori8d','SMA Super 1 Tahun Ajaran'),(386,'Credit_Card','2022-11-19','fwilliam7c','SMA Reguler 1 Tahun Ajaran'),(387,'Bank_Transfer','2022-11-19','scyseley8l','SMA Super 2 Tahun Ajaran'),(388,'Credit_Card','2022-11-19','ggoosey6l','SMA Reguler 1 Tahun Ajaran'),(389,'E_Wallet','2022-11-19','jbernli6i','SMP Super 2 Tahun Ajaran'),(390,'Bank_Transfer','2022-11-20','asarsonsbx','SMA Super 1 Tahun Ajaran'),(391,'E_Wallet','2022-11-20','gfeaveer2b','SMA Reguler 1 Tahun Ajaran'),(392,'Bank_Transfer','2022-11-20','cramseyce','SMA Reguler 1 Tahun Ajaran'),(393,'E_Wallet','2022-11-20','mwipfler3d','SMP Super 2 Tahun Ajaran'),(394,'Bank_Transfer','2022-11-20','ifrisby5e','SMA Reguler 1 Tahun Ajaran'),(395,'Credit_Card','2022-11-20','rwisker2w','Tryout UTBK s.d. Mei 2023'),(396,'Bank_Transfer','2022-11-20','lasher1','SMA Reguler 1 Tahun Ajaran'),(397,'Credit_Card','2022-11-22','nlefrancai','SMA Reguler 1 Tahun Ajaran'),(398,'E_Wallet','2022-11-23','rfrill96','SMP Super 2 Tahun Ajaran'),(399,'E_Wallet','2022-11-24','csiverns4r','SMA Reguler 1 Tahun Ajaran'),(400,'Bank_Transfer','2022-11-24','karlidgec7','SMP Super 1 Tahun Ajaran'),(401,'Credit_Card','2022-11-24','rnilgesbs','Tryout UTBK Plus 1 Semester'),(402,'E_Wallet','2022-11-24','mleadbitter7t','SMA Reguler 1 Tahun Ajaran'),(403,'Bank_Transfer','2022-11-24','rgladbachch','SMP Super 2 Tahun Ajaran'),(404,'E_Wallet','2022-11-24','rcaselyz','SMA Reguler 1 Tahun Ajaran'),(405,'E_Wallet','2022-11-24','efiddyment1u','SMA Reguler 1 Tahun Ajaran'),(406,'Bank_Transfer','2022-11-24','kcapps9e','SMA Super 1 Tahun Ajaran'),(407,'E_Wallet','2022-11-25','bmea8b','SMP Super 2 Tahun Ajaran'),(408,'E_Wallet','2022-11-25','cleggateb6','SMA Reguler 1 Tahun Ajaran'),(409,'Credit_Card','2022-11-25','ttweedie79','SMA Reguler 1 Tahun Ajaran'),(410,'Bank_Transfer','2022-11-25','dwinchester1v','SMA Super 2 Tahun Ajaran'),(411,'Bank_Transfer','2022-11-25','jbastowcb','SMP Super 2 Tahun Ajaran'),(412,'Bank_Transfer','2022-11-25','hvondrasek3l','SMA Reguler 1 Tahun Ajaran'),(413,'Credit_Card','2022-11-26','oduddy5d','SMA Reguler 1 Tahun Ajaran'),(414,'Bank_Transfer','2022-11-26','dverea8','SMA Super 1 Tahun Ajaran'),(415,'E_Wallet','2022-11-26','chadleigh18','Tryout UTBK Plus 1 Semester'),(416,'Credit_Card','2022-11-26','bmccloy3k','SMP Super 2 Tahun Ajaran'),(417,'Credit_Card','2022-11-26','gcosgrive5h','Tryout UTBK 1 Semester'),(418,'Bank_Transfer','2022-11-28','vcawthorn8','SMA Super 2 Tahun Ajaran'),(419,'Credit_Card','2022-11-28','wburgnebc','SMA Reguler 1 Tahun Ajaran'),(420,'E_Wallet','2022-11-28','wruddoch72','SMA Reguler 1 Tahun Ajaran'),(421,'Credit_Card','2022-11-28','ieretto','SMP Super Plus 1 Tahun Ajaran'),(422,'Bank_Transfer','2022-11-28','epodd14','SMA Reguler 1 Tahun Ajaran'),(423,'Credit_Card','2022-11-29','kwookey8g','SMP Super 2 Tahun Ajaran'),(424,'Bank_Transfer','2022-11-29','hperfili73','SMA Reguler 1 Tahun Ajaran'),(425,'Credit_Card','2022-11-29','crickerby4y','SMP Super 1 Tahun Ajaran'),(426,'E_Wallet','2022-11-29','ndoudneyb7','SMA Reguler 1 Tahun Ajaran'),(427,'E_Wallet','2022-11-29','eshillinglaw9j','SMA Super 2 Tahun Ajaran'),(428,'Bank_Transfer','2022-11-29','mevison2y','SMP Super 2 Tahun Ajaran'),(429,'Credit_Card','2022-11-29','rabsolon33','Tryout UTBK s.d. Mei 2023'),(430,'E_Wallet','2022-11-29','tcoggins2t','SMA Super 1 Tahun Ajaran'),(431,'Bank_Transfer','2022-11-29','gjellicoar','SMA Reguler 1 Tahun Ajaran'),(432,'Credit_Card','2022-11-30','cgeorgotcd','SMP Super 2 Tahun Ajaran'),(433,'E_Wallet','2022-11-30','rmcramsey7f','SMA Reguler 1 Tahun Ajaran'),(434,'Credit_Card','2022-11-30','stheze2m','SMP Super 1 Tahun Ajaran'),(435,'Bank_Transfer','2022-11-30','azebedee36','SMA Reguler 1 Tahun Ajaran'),(436,'E_Wallet','2022-11-30','nfigginsao','Tryout UTBK Plus 1 Semester'),(437,'Credit_Card','2022-11-30','rluckcock4t','SMP Super 2 Tahun Ajaran'),(438,'Bank_Transfer','2022-11-30','aeagers7v','SMA Super 2 Tahun Ajaran'),(439,'E_Wallet','2022-11-30','jocarmody62','SMP Super 2 Tahun Ajaran'),(440,'E_Wallet','2022-11-30','gconnechie24','SMA Super Plus 1 Tahun Ajaran'),(441,'Credit_Card','2022-11-30','plongfut1f','SMA Reguler 1 Tahun Ajaran'),(442,'Credit_Card','2022-11-30','ctrimmell9x','SMA Super 1 Tahun Ajaran'),(443,'Credit_Card','2022-11-30','abilbrook2n','SMA Reguler 1 Tahun Ajaran'),(444,'Credit_Card','2022-11-30','dbennoe4c','SMP Super 2 Tahun Ajaran'),(445,'Credit_Card','2022-11-30','jgreeraa','SMA Reguler 1 Tahun Ajaran'),(446,'Credit_Card','2022-11-30','svandevelde2','SMA Reguler 1 Tahun Ajaran'),(447,'Credit_Card','2022-11-30','srearie9n','SMP Super 1 Tahun Ajaran'),(448,'Bank_Transfer','2022-11-30','csmeath41','SMA Reguler 1 Tahun Ajaran'),(449,'E_Wallet','2022-11-30','kmagwood60','SMA Super 1 Tahun Ajaran'),(450,'Credit_Card','2022-11-30','hhasson1h','SMA Super 2 Tahun Ajaran');
/*!40000 ALTER TABLE `transaction` ENABLE KEYS */;
UNLOCK TABLES;
/*!40103 SET TIME_ZONE=@OLD_TIME_ZONE */;

/*!40101 SET SQL_MODE=@OLD_SQL_MODE */;
/*!40014 SET FOREIGN_KEY_CHECKS=@OLD_FOREIGN_KEY_CHECKS */;
/*!40014 SET UNIQUE_CHECKS=@OLD_UNIQUE_CHECKS */;
/*!40101 SET CHARACTER_SET_CLIENT=@OLD_CHARACTER_SET_CLIENT */;
/*!40101 SET CHARACTER_SET_RESULTS=@OLD_CHARACTER_SET_RESULTS */;
/*!40101 SET COLLATION_CONNECTION=@OLD_COLLATION_CONNECTION */;
/*!40111 SET SQL_NOTES=@OLD_SQL_NOTES */;

-- Dump completed on 2022-11-05 13:26:14
