-- MySQL dump 10.13  Distrib 8.0.30, for Win64 (x86_64)
--
-- Host: localhost    Database: tubes
-- ------------------------------------------------------
-- Server version	8.0.30

/*!40101 SET @OLD_CHARACTER_SET_CLIENT=@@CHARACTER_SET_CLIENT */;
/*!40101 SET @OLD_CHARACTER_SET_RESULTS=@@CHARACTER_SET_RESULTS */;
/*!40101 SET @OLD_COLLATION_CONNECTION=@@COLLATION_CONNECTION */;
/*!50503 SET NAMES utf8 */;
/*!40103 SET @OLD_TIME_ZONE=@@TIME_ZONE */;
/*!40103 SET TIME_ZONE='+00:00' */;
/*!40014 SET @OLD_UNIQUE_CHECKS=@@UNIQUE_CHECKS, UNIQUE_CHECKS=0 */;
/*!40014 SET @OLD_FOREIGN_KEY_CHECKS=@@FOREIGN_KEY_CHECKS, FOREIGN_KEY_CHECKS=0 */;
/*!40101 SET @OLD_SQL_MODE=@@SQL_MODE, SQL_MODE='NO_AUTO_VALUE_ON_ZERO' */;
/*!40111 SET @OLD_SQL_NOTES=@@SQL_NOTES, SQL_NOTES=0 */;

--
-- Table structure for table `package`
--

DROP TABLE IF EXISTS `package`;
/*!40101 SET @saved_cs_client     = @@character_set_client */;
/*!50503 SET character_set_client = utf8mb4 */;
CREATE TABLE `package` (
  `Plan` varchar(30) NOT NULL,
  `Price` int DEFAULT NULL,
  `Duration` varchar(20) DEFAULT NULL,
  PRIMARY KEY (`Plan`)
) ENGINE=InnoDB DEFAULT CHARSET=utf8mb4 COLLATE=utf8mb4_0900_ai_ci;
/*!40101 SET character_set_client = @saved_cs_client */;

--
-- Dumping data for table `package`
--

LOCK TABLES `package` WRITE;
/*!40000 ALTER TABLE `package` DISABLE KEYS */;
INSERT INTO `package` VALUES ('SMA Reguler 1 Tahun Ajaran',549000,'30 Juni 2023'),('SMA Super 1 Tahun Ajaran',649000,'30 Juni 2023'),('SMA Super 2 Tahun Ajaran',949000,'30 Juni 2024'),('SMA Super Plus 1 Tahun Ajaran',2459000,'30 Juni 2023'),('SMP Super 1 Tahun Ajaran',449000,'30 Juni 2023'),('SMP Super 2 Tahun Ajaran',799000,'30 Juni 2024'),('SMP Super Plus 1 Tahun Ajaran',799000,'30 Juni 2023'),('Tryout UTBK 1 Semester',199000,'31 Desember 2022'),('Tryout UTBK Plus 1 Semester',499000,'31 Desember 2022'),('Tryout UTBK s.d. Mei 2023',349000,'31 Mei 2022');
/*!40000 ALTER TABLE `package` ENABLE KEYS */;
UNLOCK TABLES;

--
-- Table structure for table `package_features`
--

DROP TABLE IF EXISTS `package_features`;
/*!40101 SET @saved_cs_client     = @@character_set_client */;
/*!50503 SET character_set_client = utf8mb4 */;
CREATE TABLE `package_features` (
  `Plan` varchar(30) NOT NULL,
  `Features` varchar(150) NOT NULL,
  PRIMARY KEY (`Plan`,`Features`),
  CONSTRAINT `Plan` FOREIGN KEY (`Plan`) REFERENCES `package` (`Plan`)
) ENGINE=InnoDB DEFAULT CHARSET=utf8mb4 COLLATE=utf8mb4_0900_ai_ci;
/*!40101 SET character_set_client = @saved_cs_client */;

--
-- Dumping data for table `package_features`
--

LOCK TABLES `package_features` WRITE;
/*!40000 ALTER TABLE `package_features` DISABLE KEYS */;
INSERT INTO `package_features` VALUES ('SMA Reguler 1 Tahun Ajaran','[BONUS] Live Class SMA'),('SMA Reguler 1 Tahun Ajaran','[BONUS] Quipper Video English'),('SMA Reguler 1 Tahun Ajaran','Latihan soal & video pembahasan'),('SMA Reguler 1 Tahun Ajaran','Ribuan video pembelajaran & animasi'),('SMA Super 1 Tahun Ajaran','[BONUS] Live Class SMA'),('SMA Super 1 Tahun Ajaran','[BONUS] Quipper Video English'),('SMA Super 1 Tahun Ajaran','Latihan soal & video pembahasan'),('SMA Super 1 Tahun Ajaran','Materi Intensif SIMAK UI 2023'),('SMA Super 1 Tahun Ajaran','Materi Intensif UTBK 2023'),('SMA Super 1 Tahun Ajaran','Ribuan video pembelajaran & animasi'),('SMA Super 1 Tahun Ajaran','Tryout & Cek Peluang UTBK 2023'),('SMA Super 2 Tahun Ajaran','[BONUS] Live Class SMA'),('SMA Super 2 Tahun Ajaran','[BONUS] Quipper Video English'),('SMA Super 2 Tahun Ajaran','Latihan soal & video pembahasan'),('SMA Super 2 Tahun Ajaran','Materi Intensif SIMAK UI 2023'),('SMA Super 2 Tahun Ajaran','Materi Intensif UTBK 2023'),('SMA Super 2 Tahun Ajaran','Ribuan video pembelajaran & animasi'),('SMA Super 2 Tahun Ajaran','Tryout & Cek Peluang UTBK 2023'),('SMA Super Plus 1 Tahun Ajaran','[BONUS] Quipper Video English'),('SMA Super Plus 1 Tahun Ajaran','Latihan soal & video pembahasan'),('SMA Super Plus 1 Tahun Ajaran','Masterclass s.d. Juni 2023'),('SMA Super Plus 1 Tahun Ajaran','Materi Intensif SIMAK UI 2023'),('SMA Super Plus 1 Tahun Ajaran','Materi Intensif UTBK 2023'),('SMA Super Plus 1 Tahun Ajaran','Ribuan video pembelajaran & animasi'),('SMA Super Plus 1 Tahun Ajaran','Tryout & Cek Peluang UTBK 2023'),('SMP Super 1 Tahun Ajaran','[BONUS] Live Class SMP'),('SMP Super 1 Tahun Ajaran','[BONUS] Quipper Video English'),('SMP Super 1 Tahun Ajaran','Latihan soal & video pembahasan'),('SMP Super 1 Tahun Ajaran','Ribuan video pembelajaran'),('SMP Super 2 Tahun Ajaran','[BONUS] Live Class SMP'),('SMP Super 2 Tahun Ajaran','[BONUS] Quipper Video English'),('SMP Super 2 Tahun Ajaran','Latihan soal & video pembahasan'),('SMP Super 2 Tahun Ajaran','Ribuan video pembelajaran'),('SMP Super Plus 1 Tahun Ajaran','[BONUS] Live Class SMP'),('SMP Super Plus 1 Tahun Ajaran','[BONUS] Quipper Video English'),('SMP Super Plus 1 Tahun Ajaran','Laporan Orang Tua'),('SMP Super Plus 1 Tahun Ajaran','Latihan soal & video pembahasan'),('SMP Super Plus 1 Tahun Ajaran','Masterclass SMP 3 bulan'),('SMP Super Plus 1 Tahun Ajaran','Ribuan video pembelajaran'),('Tryout UTBK 1 Semester','[Bonus] Live Class UTBK'),('Tryout UTBK 1 Semester','Tryout & Cek Peluang UTBK 2023'),('Tryout UTBK Plus 1 Semester','[Bonus] Live Class UTBK'),('Tryout UTBK Plus 1 Semester','[Unlimited] Tanya Tutor 3 bulan'),('Tryout UTBK Plus 1 Semester','Tryout & Cek Peluang UTBK 2023'),('Tryout UTBK s.d. Mei 2023','[Bonus] Live Class UTBK'),('Tryout UTBK s.d. Mei 2023','Tryout UTBK s.d. Mei 2023');
/*!40000 ALTER TABLE `package_features` ENABLE KEYS */;
UNLOCK TABLES;

--
-- Table structure for table `promo`
--

DROP TABLE IF EXISTS `promo`;
/*!40101 SET @saved_cs_client     = @@character_set_client */;
/*!50503 SET character_set_client = utf8mb4 */;
CREATE TABLE `promo` (
  `Username` varchar(30) NOT NULL,
  `Promo_Code` char(6) NOT NULL,
  `Promo_Details` varchar(20) DEFAULT NULL,
  `Discount` float DEFAULT NULL,
  PRIMARY KEY (`Username`,`Promo_Code`)
) ENGINE=InnoDB DEFAULT CHARSET=utf8mb4 COLLATE=utf8mb4_0900_ai_ci;
/*!40101 SET character_set_client = @saved_cs_client */;

--
-- Dumping data for table `promo`
--

LOCK TABLES `promo` WRITE;
/*!40000 ALTER TABLE `promo` DISABLE KEYS */;
INSERT INTO `promo` VALUES ('aalsop2k','nEZF4z','Diskon sebesar 17%',0.17),('abellows1o','628XNc','Diskon sebesar 26%',0.26),('abilbrook2n','4xq5qu','Diskon sebesar 4%',0.04),('acowans7m','bqkpMU','Diskon sebesar 32%',0.32),('acromwell9h','u1qhUK','Diskon sebesar 25%',0.25),('acuxon6s','RVZSKM','Diskon sebesar 26%',0.26),('adaunaya6','ssd55X','Diskon sebesar 16%',0.16),('adilke5r','LAu0ae','Diskon sebesar 6%',0.06),('adolby8n','sJ1xDg','Diskon sebesar 32%',0.32),('aduffieldg','f9Cogt','Diskon sebesar 10%',0.1),('adumpleton9c','TawKv1','Diskon sebesar 11%',0.11),('aeagers7v','KJ0k8l','Diskon sebesar 17%',0.17),('aeglington3x','3XVEPJ','Diskon sebesar 28%',0.28),('afussell3y','7URDsI','Diskon sebesar 26%',0.26),('agrabbam74','eE21dG','Diskon sebesar 2%',0.02),('akase99','ChlkzO','Diskon sebesar 12%',0.12),('akenton8h','tlsZTo','Diskon sebesar 7%',0.07),('akleehuhler7w','eOGAl4','Diskon sebesar 21%',0.21),('amanes5o','gBkeCB','Diskon sebesar 29%',0.29),('amerring20','omXlev','Diskon sebesar 32%',0.32),('amulvaney4h','iPNilF','Diskon sebesar 32%',0.32),('amurieb','YwOPkv','Diskon sebesar 32%',0.32),('amurrock8x','armkk3','Diskon sebesar 17%',0.17),('anewham12','BBnUiY','Diskon sebesar 28%',0.28),('aridoutt6a','X2X2Ml','Diskon sebesar 46%',0.46),('asaill27','ufidDb','Diskon sebesar 32%',0.32),('asanto75','xdE4BP','Diskon sebesar 27%',0.27),('asarsonsbx','3p9AM3','Diskon sebesar 43%',0.43),('astapleford7z','fjfOQn','Diskon sebesar 24%',0.24),('asymondson90','PRzuC3','Diskon sebesar 23%',0.23),('atulip8u','dePHlg','Diskon sebesar 27%',0.27),('awincebp','RNw3kn','Diskon sebesar 19%',0.19),('awolfer29','pUmirz','Diskon sebesar 35%',0.35),('azebedee36','lD5nnN','Diskon sebesar 26%',0.26),('baireton66','4KdXSx','Diskon sebesar 32%',0.32),('bbrodest6t','YLgDLu','Diskon sebesar 4%',0.04),('bdoldon1s','euPMCF','Diskon sebesar 13%',0.13),('bfrantzen22','Fv9Ls6','Diskon sebesar 35%',0.35),('bgoodered1l','03skMu','Diskon sebesar 6%',0.06),('bguerola6w','SIzLtS','Diskon sebesar 20%',0.2),('biacovaccio7h','IP3t5Z','Diskon sebesar 17%',0.17),('bibel1w','F9pdjR','Diskon sebesar 15%',0.15),('blavis77','Xg5SmA','Diskon sebesar 14%',0.14),('blawee6f','rv1sMI','Diskon sebesar 35%',0.35),('blembcke40','uhv5xP','Diskon sebesar 28%',0.28),('bloble5','GTyAiF','Diskon sebesar 7%',0.07),('bmccloy3k','juOWxJ','Diskon sebesar 8%',0.08),('bmea8b','7UaTB1','Diskon sebesar 31%',0.31),('bnovkovic5i','GzM3lD','Diskon sebesar 43%',0.43),('bpapenae','MNCR9E','Diskon sebesar 35%',0.35),('bpischof1x','HnpWlW','Diskon sebesar 36%',0.36),('bpurkisc1','8c1YuN','Diskon sebesar 17%',0.17),('bskittrell2i','9uIeB6','Diskon sebesar 16%',0.16),('bstraker9r','lCMdHQ','Diskon sebesar 2%',0.02),('byakobowitch5f','y7Vu8k','Diskon sebesar 37%',0.37),('byashunin2j','L7rcH7','Diskon sebesar 22%',0.22),('cauchterlony21','4X5yPf','Diskon sebesar 40%',0.4),('cbernard5x','i0TTH8','Diskon sebesar 16%',0.16),('cborland23','iM1Fwa','Diskon sebesar 40%',0.4),('cedmans38','bRj4h0','Diskon sebesar 22%',0.22),('cerratt9p','p7azwP','Diskon sebesar 28%',0.28),('cferrandb8','YOKmSg','Diskon sebesar 32%',0.32),('cgeorgotcd','jlVrzv','Diskon sebesar 1%',0.01),('chadleigh18','jFoRhc','Diskon sebesar 26%',0.26),('cherkesss','eU3zBl','Diskon sebesar 18%',0.18),('ckelson4e','eU9Jts','Diskon sebesar 44%',0.44),('ckralev','1N7rM5','Diskon sebesar 21%',0.21),('clamborne4l','9DHGzB','Diskon sebesar 20%',0.2),('cleggateb6','93lB6o','Diskon sebesar 44%',0.44),('clhommeau7e','rNJKZp','Diskon sebesar 22%',0.22),('clittlemorel','QhOPAN','Diskon sebesar 17%',0.17),('cmartineau4g','rx4ToA','Diskon sebesar 49%',0.49),('cmartinek5j','RbsWkX','Diskon sebesar 28%',0.28),('cmccarroll9a','6yCZhj','Diskon sebesar 17%',0.17),('cmenchentonb4','CVeHwo','Diskon sebesar 49%',0.49),('cmobley6n','orc3SR','Diskon sebesar 23%',0.23),('coloshkin2z','bLbtqL','Diskon sebesar 27%',0.27),('cpitford95','CFhH0E','Diskon sebesar 27%',0.27),('cramseyce','2hjqtL','Diskon sebesar 31%',0.31),('crickerby4y','23ER1X','Diskon sebesar 18%',0.18),('criedigerj','bv70qj','Diskon sebesar 29%',0.29),('cscorrer97','XL3u7d','Diskon sebesar 21%',0.21),('csiverns4r','gekWe2','Diskon sebesar 17%',0.17),('cskoulingaq','ZKfwok','Diskon sebesar 33%',0.33),('csmeath41','gL5P1P','Diskon sebesar 1%',0.01),('cspinigeb3','nswk5i','Diskon sebesar 27%',0.27),('ctessier8z','OqRUNm','Diskon sebesar 16%',0.16),('cthomessonbh','c4sQEE','Diskon sebesar 33%',0.33),('cthroughtonbv','AwjYtM','Diskon sebesar 25%',0.25),('ctrimmell9x','p2uBNm','Diskon sebesar 6%',0.06),('ctrustrie82','wd3XpX','Diskon sebesar 35%',0.35),('cwilce7x','OSaNE6','Diskon sebesar 16%',0.16),('dbartolomivis83','78fu08','Diskon sebesar 28%',0.28),('dbennoe4c','OEYQWB','Diskon sebesar 17%',0.17),('dbolzmann4z','AU1aT0','Diskon sebesar 27%',0.27),('dbottom4a','bAyDRL','Diskon sebesar 31%',0.31),('dcoke53','wzlCx5','Diskon sebesar 12%',0.12),('ddanson2c','sW10Qo','Diskon sebesar 38%',0.38),('ddransfield88','KXbCoo','Diskon sebesar 31%',0.31),('dfalcka4','Kd4nLz','Diskon sebesar 13%',0.13),('dguilaemr','UoNkpM','Diskon sebesar 38%',0.38),('dharefoot7a','2r8JKc','Diskon sebesar 21%',0.21),('dhenkeu','5HHvFj','Diskon sebesar 47%',0.47),('dimlacke89','eLBqXI','Diskon sebesar 25%',0.25),('dkearfordbk','rxJ75j','Diskon sebesar 22%',0.22),('dlaskey6k','pRwr83','Diskon sebesar 33%',0.33),('dlee9l','wBax5J','Diskon sebesar 37%',0.37),('dmarenay','P5u16o','Diskon sebesar 26%',0.26),('dperrotc8','GjpwES','Diskon sebesar 35%',0.35),('dsellner4k','4El0nK','Diskon sebesar 13%',0.13),('dstrangerbe','ZVtnOU','Diskon sebesar 26%',0.26),('dstrangwoodx','gNbtgd','Diskon sebesar 12%',0.12),('dverea8','x3T7uJ','Diskon sebesar 15%',0.15),('dwinchester1v','JEsBeg','Diskon sebesar 20%',0.2),('dworsterc2','EmA9zL','Diskon sebesar 21%',0.21),('eacors3p','XWRkTe','Diskon sebesar 17%',0.17),('eambrosoli30','E67Sqa','Diskon sebesar 16%',0.16),('ebeathem4w','WW1KaW','Diskon sebesar 1%',0.01),('ecalan71','sskSwd','Diskon sebesar 36%',0.36),('efalck8k','C99T6s','Diskon sebesar 44%',0.44),('efiddyment1u','2GKNi1','Diskon sebesar 16%',0.16),('egatch55','pnOOBI','Diskon sebesar 32%',0.32),('elomisb0','3NkHLC','Diskon sebesar 44%',0.44),('emarler93','cQWB5D','Diskon sebesar 38%',0.38),('emcsporrin1a','QMsolv','Diskon sebesar 41%',0.41),('emoreland6h','k3AtMF','Diskon sebesar 47%',0.47),('eparysownacg','fBZgSq','Diskon sebesar 26%',0.26),('epauleit7r','Rlm6mN','Diskon sebesar 43%',0.43),('epodd14','Tafa3j','Diskon sebesar 9%',0.09),('erankcomc6','4dTJii','Diskon sebesar 16%',0.16),('eruddifortha0','t9ku1f','Diskon sebesar 26%',0.26),('eshillinglaw9j','615yVt','Diskon sebesar 43%',0.43),('espanton48','SkNZpF','Diskon sebesar 49%',0.49),('espriginby','4dIAsE','Diskon sebesar 18%',0.18),('everty2x','FXJzEb','Diskon sebesar 14%',0.14),('fbenger61','5ha4ND','Diskon sebesar 20%',0.2),('fbriers2g','tLTlHR','Diskon sebesar 38%',0.38),('fbuckel35','SLkfXI','Diskon sebesar 33%',0.33),('fcapstake3b','ZLmfOb','Diskon sebesar 17%',0.17),('fcorbitta','qQUk9N','Diskon sebesar 49%',0.49),('fdyment3i','G69nUb','Diskon sebesar 10%',0.1),('fflattau','iWKwSJ','Diskon sebesar 16%',0.16),('ffolkard65','AXerMf','Diskon sebesar 9%',0.09),('fgoggey1b','op67Ax','Diskon sebesar 27%',0.27),('fmonaghan3c','v4YKyb','Diskon sebesar 37%',0.37),('fnice8f','K44TIH','Diskon sebesar 28%',0.28),('fpallaske6o','wrvxO4','Diskon sebesar 16%',0.16),('fstaves3v','FEKXKr','Diskon sebesar 15%',0.15),('fwilliam7c','lcbEsV','Diskon sebesar 26%',0.26),('fyateman2d','k7svUl','Diskon sebesar 43%',0.43),('gassante2f','6Yc3B9','Diskon sebesar 25%',0.25),('gbartolomucci8v','54dKxf','Diskon sebesar 29%',0.29),('gbelitz3u','aRdzaq','Diskon sebesar 16%',0.16),('gblatherwick1y','zsDXH3','Diskon sebesar 26%',0.26),('gconnechie24','E7PWKO','Diskon sebesar 46%',0.46),('gcosgrive5h','Pe6ttj','Diskon sebesar 27%',0.27),('gdinisco7j','xF4tNy','Diskon sebesar 19%',0.19),('gfeaveer2b','wMC7Zi','Diskon sebesar 47%',0.47),('gfergie4n','RICdKC','Diskon sebesar 16%',0.16),('gflorisbo','uAU1C0','Diskon sebesar 37%',0.37),('ggavrieli5w','XK5oyW','Diskon sebesar 27%',0.27),('ggoosey6l','n6rDY8','Diskon sebesar 25%',0.25),('ggroomeca','75CeZD','Diskon sebesar 26%',0.26),('ghemphall70','1hpBAy','Diskon sebesar 44%',0.44),('ghubbard7d','enwdVf','Diskon sebesar 43%',0.43),('ghyland2l','Y698wl','Diskon sebesar 16%',0.16),('givancevic6j','UwAixc','Diskon sebesar 43%',0.43),('gjagiello1p','zhTZ0p','Diskon sebesar 17%',0.17),('gjanasb9','83RkXE','Diskon sebesar 14%',0.14),('gjellicoar','Pv2aIM','Diskon sebesar 25%',0.25),('gkirkbrightal','fXSogc','Diskon sebesar 35%',0.35),('gkivlin7s','5P6Ftx','Diskon sebesar 18%',0.18),('glocknerbd','y5Xd77','Diskon sebesar 14%',0.14),('gmalmarq','lMIgTd','Diskon sebesar 1%',0.01),('gmccane1i','mvhCq3','Diskon sebesar 29%',0.29),('gmcilheran6c','uTZ9ph','Diskon sebesar 45%',0.45),('gollivierat','EpakS5','Diskon sebesar 23%',0.23),('gpetasch5q','HZrn6k','Diskon sebesar 26%',0.26),('gpicknettm','1ywsQO','Diskon sebesar 38%',0.38),('gquiney6y','sBxhQP','Diskon sebesar 49%',0.49),('gsieghart87','oQQvzM','Diskon sebesar 1%',0.01),('gsouthard47','25O0zz','Diskon sebesar 38%',0.38),('gstrasse5z','eT2nbu','Diskon sebesar 15%',0.15),('hcowherd3t','AUQSTX','Diskon sebesar 24%',0.24),('hdanielovitchap','RQauRV','Diskon sebesar 43%',0.43),('hfleetham1d','xxHf33','Diskon sebesar 28%',0.28),('hhasson1h','dRaRuT','Diskon sebesar 28%',0.28),('hniemetz4s','UiP3Wh','Diskon sebesar 38%',0.38),('hperfili73','0jgWeo','Diskon sebesar 14%',0.14),('hvondrasek3l','Gjk7qg','Diskon sebesar 43%',0.43),('hwatford9g','hLA6MS','Diskon sebesar 9%',0.09),('ialbert19','R1F56k','Diskon sebesar 37%',0.37),('ibeadles6r','avxX4l','Diskon sebesar 16%',0.16),('icoventon4m','He7g63','Diskon sebesar 10%',0.1),('idolohunty8o','a4r4Jj','Diskon sebesar 30%',0.3),('ieretto','NXrGcl','Diskon sebesar 23%',0.23),('ifrisby5e','P2lv3x','Diskon sebesar 26%',0.26),('ifruchon81','8gcgHm','Diskon sebesar 15%',0.15),('igoodbournbi','fn8TCG','Diskon sebesar 26%',0.26),('iguerri43','qOgZ03','Diskon sebesar 25%',0.25),('ihedger9o','vfuSx5','Diskon sebesar 43%',0.43),('ihulks52','sp537U','Diskon sebesar 31%',0.31),('iluchelli6d','MgK2yi','Diskon sebesar 32%',0.32),('imarriagea2','EJucGC','Diskon sebesar 27%',0.27),('imotta5','sxivPo','Diskon sebesar 15%',0.15),('irigney9u','dO9Rg3','Diskon sebesar 29%',0.29),('irozzell86','rdGMKI','Diskon sebesar 28%',0.28),('isemechik68','BSx2zV','Diskon sebesar 35%',0.35),('jandrelli6q','CWB9w8','Diskon sebesar 17%',0.17),('jbastowcb','Q0sV8q','Diskon sebesar 42%',0.42),('jbeavonc0','8FJv0V','Diskon sebesar 21%',0.21),('jbernli6i','QkR2V6','Diskon sebesar 38%',0.38),('jcastano2o','oHYWIT','Diskon sebesar 44%',0.44),('jclunan37','BzDMbX','Diskon sebesar 43%',0.43),('jdimmackaj','zPf5mH','Diskon sebesar 32%',0.32),('jdirran','omJ0iA','Diskon sebesar 47%',0.47),('jduckitt63','I33hSh','Diskon sebesar 36%',0.36),('jgreeraa','J2T8hR','Diskon sebesar 26%',0.26),('jjoinsonbu','PLa65J','Diskon sebesar 10%',0.1),('jjuggins6u','1jmDiV','Diskon sebesar 44%',0.44),('jkenneway4j','oivZ2o','Diskon sebesar 37%',0.37),('jmacknockiter1z','KyJplV','Diskon sebesar 9%',0.09),('jmaggiori8d','Toqhr2','Diskon sebesar 38%',0.38),('jmeanwell4','jxNDxk','Diskon sebesar 31%',0.31),('jocarmody62','yRBu18','Diskon sebesar 15%',0.15),('joldacres84','JE30K3','Diskon sebesar 26%',0.26),('jpiesing9t','yTPcqc','Diskon sebesar 28%',0.28),('jquinn3g','pK8eNS','Diskon sebesar 32%',0.32),('jreary7n','8U4gWC','Diskon sebesar 40%',0.4),('jtrumpera9','ljW12R','Diskon sebesar 36%',0.36),('karlidgec7','UHA5L3','Diskon sebesar 15%',0.15),('kbertolaccini5s','I730Uq','Diskon sebesar 34%',0.34),('kblanc1t','MjNzTm','Diskon sebesar 15%',0.15),('kcapps9e','aQRLyN','Diskon sebesar 28%',0.28),('﻿kdocwra1m','M8M2JA','Diskon sebesar 34%',0.34),('kdoumerque9b','s9nFui','Diskon sebesar 32%',0.32),('keastopea1','wuohKH','Diskon sebesar 17%',0.17),('keusdencc','AjABiK','Diskon sebesar 28%',0.28),('kgellett4p','fOEiHb','Diskon sebesar 29%',0.29),('khallawella7','oFBIS3','Diskon sebesar 20%',0.2),('kkolakovic8y','zwwG4R','Diskon sebesar 38%',0.38),('kleyden6b','jFsAAW','Diskon sebesar 4%',0.04),('kmagwood60','Bdq4BI','Diskon sebesar 16%',0.16),('krudderham9k','eFHvWZ','Diskon sebesar 26%',0.26),('ksetterthwait5g','OOKKmR','Diskon sebesar 41%',0.41),('kwookey8g','Z9HFhk','Diskon sebesar 31%',0.31),('laddams6v','Ak8cod','Diskon sebesar 22%',0.22),('laim7i','iZ4zPy','Diskon sebesar 37%',0.37),('laldhous8t','ssswDq','Diskon sebesar 16%',0.16),('lasher1','zntbsJ','Diskon sebesar 38%',0.38),('lastyn','y2tSkh','Diskon sebesar 16%',0.16),('lbaggarleyb5','uzCgUs','Diskon sebesar 39%',0.39),('lbrimley9i','dLRYgE','Diskon sebesar 7%',0.07),('ldorman3z','eb73Ub','Diskon sebesar 42%',0.42),('ldrever3f','ae84t9','Diskon sebesar 30%',0.3),('lgoodings4q','VzRAg0','Diskon sebesar 44%',0.44),('lhankins2v','A87hKA','Diskon sebesar 36%',0.36),('lkittow7k','FZxTec','Diskon sebesar 21%',0.21),('llumley1g','7p9BUM','Diskon sebesar 35%',0.35),('lmarlinc9','7D7BIo','Diskon sebesar 28%',0.28),('lmilkin54','S91F2h','Diskon sebesar 17%',0.17),('lpacht8m','roxv7y','Diskon sebesar 49%',0.49),('lpibornbg','dIxLwn','Diskon sebesar 21%',0.21),('lspellecy13','TXeLOs','Diskon sebesar 18%',0.18),('lthorsen50','m1W9WD','Diskon sebesar 47%',0.47),('ltroy9m','CF4JcV','Diskon sebesar 41%',0.41),('lvarrow5k','6efJ7v','Diskon sebesar 6%',0.06),('makers3r','9zxg5u','Diskon sebesar 16%',0.16),('malton6g','UVJtYX','Diskon sebesar 22%',0.22),('massender3e','os46cX','Diskon sebesar 21%',0.21),('mbarts8q','P9fcJR','Diskon sebesar 13%',0.13),('mbenning32','MKtyA2','Diskon sebesar 26%',0.26),('mblaney49','SzXgSH','Diskon sebesar 28%',0.28),('mbortoletti2e','tHx86p','Diskon sebesar 33%',0.33),('mbradie56','ACywpW','Diskon sebesar 11%',0.11),('mbridge2h','fum2IN','Diskon sebesar 23%',0.23),('mbrumwell76','4GKUDs','Diskon sebesar 16%',0.16),('mcopcotth','97epr4','Diskon sebesar 16%',0.16),('mcripps9q','AfodoD','Diskon sebesar 6%',0.06),('mdibb8r','TtzY69','Diskon sebesar 20%',0.2),('mdingle15','Jc1ZWw','Diskon sebesar 25%',0.25),('mdodgshun2a','pzY7vh','Diskon sebesar 22%',0.22),('mduddleb2','cTw0YI','Diskon sebesar 20%',0.2),('mellerton7p','aYSxoI','Diskon sebesar 25%',0.25),('merikssonas','U8P0Ci','Diskon sebesar 38%',0.38),('mevison2y','XiDTFM','Diskon sebesar 2%',0.02),('mfrushard3a','pggCJb','Diskon sebesar 23%',0.23),('mgomar1k','QxcRm9','Diskon sebesar 26%',0.26),('mhanksah','l6OicU','Diskon sebesar 4%',0.04),('mhitzke80','6eSMYC','Diskon sebesar 16%',0.16),('mkiledal5u','GdXvwn','Diskon sebesar 26%',0.26),('mkryszkiecicz85','58ZUMO','Diskon sebesar 42%',0.42),('mlancastleax','kwUJKR','Diskon sebesar 16%',0.16),('mlancett39','9hPRAY','Diskon sebesar 24%',0.24),('mlattimorep','W6ptg5','Diskon sebesar 17%',0.17),('mlauchlanc','dBqHLP','Diskon sebesar 30%',0.3),('mleadbitter7t','JRlXC5','Diskon sebesar 44%',0.44),('mlethby8w','DPQ11c','Diskon sebesar 44%',0.44),('mlowde6','Rpn2DC','Diskon sebesar 17%',0.17),('mmagson5p','bJcbOE','Diskon sebesar 43%',0.43),('mmcquillan51','PhhZRF','Diskon sebesar 21%',0.21),('mmicheu2r','LjgcwE','Diskon sebesar 27%',0.27),('mmound9v','KqAgua','Diskon sebesar 43%',0.43),('mocarney64','DFPdEr','Diskon sebesar 26%',0.26),('mpieterickbf','y2GJgC','Diskon sebesar 29%',0.29),('msharplin8j','yU9Vbp','Diskon sebesar 24%',0.24),('msimonutti3m','7Gkixi','Diskon sebesar 18%',0.18),('mskepper7q','Fh6Odn','Diskon sebesar 8%',0.08),('msyer9y','UWLwF3','Diskon sebesar 34%',0.34),('mtebbothc3','pJ7OlB','Diskon sebesar 16%',0.16),('mwipfler3d','fuB7nu','Diskon sebesar 19%',0.19),('myannonia3','7o8RNy','Diskon sebesar 16%',0.16),('naloigibj','IMGERr','Diskon sebesar 43%',0.43),('ncritchellba','lJ2QNy','Diskon sebesar 2%',0.02),('ndoudneyb7','nP4YHu','Diskon sebesar 36%',0.36),('nfigginsao','e1bTGX','Diskon sebesar 38%',0.38),('nlefrancai','bpsNfX','Diskon sebesar 45%',0.45),('nleopardbb','hxoRIh','Diskon sebesar 27%',0.27),('nmarke58','WBEgF3','Diskon sebesar 28%',0.28),('nmcquirter9d','CJCrmm','Diskon sebesar 30%',0.3),('nsawkin7o','ji0i9i','Diskon sebesar 10%',0.1),('nspickett34','ReKoh0','Diskon sebesar 21%',0.21),('nwombwell6p','HMVmw7','Diskon sebesar 22%',0.22),('odarycott45','LgKB9o','Diskon sebesar 31%',0.31),('odubber98','yBXwwc','Diskon sebesar 31%',0.31),('oduddy5d','zgVHE6','Diskon sebesar 43%',0.43),('ogodwyn57','xaVlG4','Diskon sebesar 30%',0.3),('oliddicoat6e','qyUKrV','Diskon sebesar 31%',0.31),('omcguirebr','JRrbuu','Diskon sebesar 30%',0.3),('opogosianav','b8T4cV','Diskon sebesar 22%',0.22),('ostreather5y','tqEBCo','Diskon sebesar 13%',0.13),('pantalffy1j','hcSwYT','Diskon sebesar 43%',0.43),('pcasselybz','21jM3y','Diskon sebesar 44%',0.44),('pdallewater7','yOOpEe','Diskon sebesar 24%',0.24),('pdodman1q','fCN9mr','Diskon sebesar 27%',0.27),('plongfut1f','hmikDk','Diskon sebesar 2%',0.02),('plooks94','5ESAS7','Diskon sebesar 18%',0.18),('pmaccaffrey9s','HcwuSK','Diskon sebesar 35%',0.35),('ppercifer5b','0C1Rs3','Diskon sebesar 25%',0.25),('ppinnigaraw','zMdMg3','Diskon sebesar 17%',0.17),('ptimminsb1','cU19IH','Diskon sebesar 22%',0.22),('pvallerc4','RtCb1s','Diskon sebesar 29%',0.29),('rabsolon33','Fpclns','Diskon sebesar 29%',0.29),('rbausmann8s','4f1sPd','Diskon sebesar 10%',0.1),('rbeardwood1n','zPe0QV','Diskon sebesar 45%',0.45),('rbrindley8p','02qGIx','Diskon sebesar 37%',0.37),('rcaselyz','d85Dl5','Diskon sebesar 32%',0.32),('rdahlback1c','cYxDYp','Diskon sebesar 43%',0.43),('rdanilovic2u','lAt714','Diskon sebesar 44%',0.44),('rdibb8a','sr7jdA','Diskon sebesar 26%',0.26),('redgaraf','xURGxK','Diskon sebesar 40%',0.4),('rfrill96','SmDOYz','Diskon sebesar 47%',0.47),('rgascoignebw','2BS1Fl','Diskon sebesar 8%',0.08),('rgendricke31','MVpB4D','Diskon sebesar 14%',0.14),('rgladbachch','05ugrL','Diskon sebesar 31%',0.31),('rkamiyama4v','OxRYMU','Diskon sebesar 17%',0.17),('rkunzw','kku8b9','Diskon sebesar 31%',0.31),('rluckcock4t','jGhDEX','Diskon sebesar 16%',0.16),('rmcramsey7f','Dt1aOA','Diskon sebesar 24%',0.24),('rnilgesbs','f4TL16','Diskon sebesar 32%',0.32),('rodempseybt','vFCR2a','Diskon sebesar 40%',0.4),('rpeeke4d','KaSJi2','Diskon sebesar 24%',0.24),('rpydcock8e','oOSK4q','Diskon sebesar 49%',0.49),('rrichardsson59','hy8FOx','Diskon sebesar 18%',0.18),('rscudders4f','ywN0Kh','Diskon sebesar 20%',0.2),('rthurgood5v','0vVjsI','Diskon sebesar 17%',0.17),('rvarnam4b','TuehXc','Diskon sebesar 7%',0.07),('rwisker2w','unuNmN','Diskon sebesar 32%',0.32),('sanfossi8i','UV1aH6','Diskon sebesar 17%',0.17),('sblackborne91','OxqxBj','Diskon sebesar 17%',0.17),('sblanqued','Ecqr9l','Diskon sebesar 37%',0.37),('sbris67','76GZYE','Diskon sebesar 40%',0.4),('sbromley4x','x1tyPh','Diskon sebesar 38%',0.38),('sbrounfield9z','emkLaH','Diskon sebesar 45%',0.45),('scallicott5t','JYyjlP','Diskon sebesar 45%',0.45),('scucuzza2q','Bh0eLh','Diskon sebesar 20%',0.2),('scyseley8l','oh65sR','Diskon sebesar 20%',0.2),('sdresse28','tnwMD5','Diskon sebesar 31%',0.31),('sdunsmore92','FVIo3v','Diskon sebesar 1%',0.01),('sestickad','qgUwFj','Diskon sebesar 40%',0.4),('sflintoff6z','Y7SQuh','Diskon sebesar 39%',0.39),('sfrancom17','Jybfbt','Diskon sebesar 43%',0.43),('sgrote7g','4O8Ptb','Diskon sebesar 23%',0.23),('sholliganac','3UZ4pu','Diskon sebesar 32%',0.32),('sjanowicz78','ncF6y0','Diskon sebesar 26%',0.26),('slysaghtab','xrmp0G','Diskon sebesar 9%',0.09),('smaccard7l','oK43jR','Diskon sebesar 30%',0.3),('smactrustie3j','fDJCbo','Diskon sebesar 25%',0.25),('smccambrois3n','lYFqTm','Diskon sebesar 44%',0.44),('smichelle5m','4qoN7Q','Diskon sebesar 35%',0.35),('smougelag','tWxeif','Diskon sebesar 46%',0.46),('srearie9n','A5ecra','Diskon sebesar 27%',0.27),('ssemorad5l','KeA4Lg','Diskon sebesar 2%',0.02),('ssiburn25','JDQn5m','Diskon sebesar 4%',0.04),('sstanaway3w','madU9a','Diskon sebesar 35%',0.35),('stheze2m','CZvVrB','Diskon sebesar 26%',0.26),('sthorneyworkbm','M4PsW6','Diskon sebesar 23%',0.23),('svandevelde2','EmKXMv','Diskon sebesar 49%',0.49),('swimms3q','8SSinc','Diskon sebesar 21%',0.21),('tadds9w','D4seT3','Diskon sebesar 26%',0.26),('tadiscot7b','jhuCM2','Diskon sebesar 33%',0.33),('tarberak','iK5zx8','Diskon sebesar 31%',0.31),('tboldersonbn','8DuUNd','Diskon sebesar 17%',0.17),('tcoggins2t','03s9Ii','Diskon sebesar 39%',0.39),('tcussins26','g0qz9R','Diskon sebesar 45%',0.45),('tdebenham3','LzO5Lk','Diskon sebesar 28%',0.28),('tdowbigginbl','DNbhxb','Diskon sebesar 24%',0.24),('telegood1e','uqceRS','Diskon sebesar 6%',0.06),('tfeaster0','slO0uX','Diskon sebesar 15%',0.15),('tfink3h','mx9hX1','Diskon sebesar 40%',0.4),('theifer3o','yTxegD','Diskon sebesar 21%',0.21),('tjaneway10','zXuPwf','Diskon sebesar 11%',0.11),('tkeppel7u','yVViKj','Diskon sebesar 21%',0.21),('tlambertz9','OzeQzY','Diskon sebesar 20%',0.2),('tlecornu3s','gQln0z','Diskon sebesar 29%',0.29),('tlightowler4i','SRdmqb','Diskon sebesar 30%',0.3),('tpauluzziam','0I3Qkq','Diskon sebesar 22%',0.22),('tpiercey9f','CBAVT1','Diskon sebesar 18%',0.18),('trevel5n','3YnXPr','Diskon sebesar 28%',0.28),('tserfatik','3itPaL','Diskon sebesar 44%',0.44),('tshilstone4o','aYH39g','Diskon sebesar 27%',0.27),('ttweedie79','Omi938','Diskon sebesar 29%',0.29),('tweatherley4u','v3gFjB','Diskon sebesar 23%',0.23),('ufrangello69','EVpIfL','Diskon sebesar 40%',0.4),('umitteny','9m6vty','Diskon sebesar 17%',0.17),('uvannucciniibq','bXrooO','Diskon sebesar 21%',0.21),('uwoollaston8c','9OGKRW','Diskon sebesar 15%',0.15),('vcawthorn8','bBVmAC','Diskon sebesar 44%',0.44),('vcuskery11','9KmQWX','Diskon sebesar 30%',0.3),('vdetoile46','b39kbE','Diskon sebesar 15%',0.15),('vllewhellin44','atuQy5','Diskon sebesar 26%',0.26),('vmoxon5c','4ogsRw','Diskon sebesar 7%',0.07),('vturnerf','bPQrti','Diskon sebesar 20%',0.2),('wabrahamit','7iksFc','Diskon sebesar 27%',0.27),('wblakese','PZ2cOy','Diskon sebesar 13%',0.13),('wblees16','JM87TF','Diskon sebesar 7%',0.07),('wbowlesworth7y','HAEw9K','Diskon sebesar 29%',0.29),('wburgnebc','EOzdPZ','Diskon sebesar 16%',0.16),('wcolwill42','FQqEdM','Diskon sebesar 31%',0.31),('wdarwen6m','hNSQfI','Diskon sebesar 38%',0.38),('wdeetch1r','mc9EsU','Diskon sebesar 16%',0.16),('wduffilc5','wF7u9b','Diskon sebesar 24%',0.24),('wgregorowicz6x','LYfwVB','Diskon sebesar 27%',0.27),('wjenman2p','xGl19x','Diskon sebesar 22%',0.22),('wmcclurecf','p3LIpp','Diskon sebesar 25%',0.25),('wruddoch72','6J8Ai7','Diskon sebesar 32%',0.32),('wschwier2s','bQ6kCA','Diskon sebesar 49%',0.49),('wthundercliffe5a','iUgHXh','Diskon sebesar 9%',0.09),('ypulleraz','W82mLl','Diskon sebesar 4%',0.04),('zeversfieldi','adU5JS','Diskon sebesar 27%',0.27);
/*!40000 ALTER TABLE `promo` ENABLE KEYS */;
UNLOCK TABLES;

--
-- Table structure for table `university_interest`
--

DROP TABLE IF EXISTS `university_interest`;
/*!40101 SET @saved_cs_client     = @@character_set_client */;
/*!50503 SET character_set_client = utf8mb4 */;
CREATE TABLE `university_interest` (
  `Username` varchar(30) NOT NULL,
  `University_Interest` varchar(250) NOT NULL,
  PRIMARY KEY (`Username`,`University_Interest`)
) ENGINE=InnoDB DEFAULT CHARSET=utf8mb4 COLLATE=utf8mb4_0900_ai_ci;
/*!40101 SET character_set_client = @saved_cs_client */;

--
-- Dumping data for table `university_interest`
--

LOCK TABLES `university_interest` WRITE;
/*!40000 ALTER TABLE `university_interest` DISABLE KEYS */;
INSERT INTO `university_interest` VALUES ('aalsop2k','Universitas Jember \r'),('abellows1o','Institut Teknologi Bandung  \r'),('abilbrook2n','Universitas Negeri Yogyakarta \r'),('acowans7m','Universitas Indonesia  \r'),('acromwell9h','Universitas Sumatera Utara \r'),('acuxon6s','Universitas Islam Negeri Sunan Kalijaga Yogyakarta \r'),('adaunaya6','Universitas Airlangga  \r'),('adilke5r','Universitas Muhammadiyah Yogyakarta \r'),('adolby8n','Universitas Islam Indonesia \r'),('aduffieldg','Universitas Riau \r'),('adumpleton9c','Universitas Gadjah Mada \r'),('aeagers7v','Universitas Hasanuddin \r'),('aeglington3x','Universitas Gunadarma \r'),('afussell3y','Universitas Riau \r'),('agrabbam74','Universitas Riau \r'),('akase99','Institut Teknologi Bandung  \r'),('akenton8h','Universitas Negeri Yogyakarta \r'),('akleehuhler7w','Universitas Muhammadiyah Yogyakarta \r'),('amanes5o','Universitas Riau \r'),('amerring20','Universitas Islam Negeri Raden Intan Lampung \r'),('amulvaney4h','Universitas Negeri Semarang  \r'),('amurieb','Universitas Indonesia  \r'),('amurrock8x','Universitas Islam Negeri Sunan Kalijaga Yogyakarta \r'),('anewham12','Universitas Andalas  \r'),('aridoutt6a','Universitas Hasanuddin \r'),('asaill27','Universitas Islam Indonesia \r'),('asanto75','Universitas Islam Indonesia \r'),('asarsonsbx','Universitas Airlangga  \r'),('astapleford7z','Universitas Muhammadiyah Yogyakarta \r'),('asymondson90','Universitas Diponegoro  \r'),('atulip8u','Universitas Negeri Semarang  \r'),('awincebp','Universitas Riau \r'),('awolfer29','Universitas Hasanuddin \r'),('azebedee36','Universitas Sumatera Utara \r'),('baireton66','Universitas Sumatera Utara \r'),('bbrodest6t','Institut Pertanian Bogor \r'),('bdoldon1s','Universitas Padjadjaran  \r'),('bfrantzen22','Institut Pertanian Bogor \r'),('bgoodered1l','Teknologi Sepuluh Nopember \r'),('bguerola6w','Universitas Negeri Malang  \r'),('biacovaccio7h','Universitas Gunadarma \r'),('bibel1w','Universitas Muhammadiyah Yogyakarta \r'),('blavis77','Universitas Muhammadiyah Yogyakarta \r'),('blawee6f','Universitas Gadjah Mada \r'),('blembcke40','Institut Teknologi Bandung  \r'),('bloble5','Universitas Hasanuddin \r'),('bmccloy3k','Universitas Islam Negeri Sunan Kalijaga Yogyakarta \r'),('bmea8b','Institut Teknologi Bandung  \r'),('bnovkovic5i','Universitas Islam Indonesia \r'),('bpapenae','Universitas Gunadarma \r'),('bpischof1x','Universitas Udayana  \r'),('bpurkisc1','Universitas Hasanuddin \r'),('bskittrell2i','Universitas Jember \r'),('bstraker9r','Universitas Negeri Yogyakarta \r'),('byakobowitch5f','Universitas Muhammadiyah Malang \r'),('byashunin2j','Universitas Muhammadiyah Malang \r'),('cauchterlony21','Universitas Muhammadiyah Yogyakarta \r'),('cbernard5x','Universitas Bina Nusantara  \r'),('cborland23','Universitas Negeri Semarang  \r'),('cedmans38','Universitas Telkom Institut \r'),('cerratt9p','Universitas Pendidikan Indonesia \r'),('cferrandb8','Universitas Diponegoro  \r'),('cgeorgotcd','Universitas Islam Indonesia \r'),('chadleigh18','Universitas Riau \r'),('cherkesss','Universitas Negeri Yogyakarta \r'),('ckelson4e','Institut Teknologi Bandung  \r'),('ckralev','Universitas Muhammadiyah Yogyakarta \r'),('clamborne4l','Universitas Negeri Semarang  \r'),('cleggateb6','Universitas Islam Indonesia \r'),('clhommeau7e','Universitas Gadjah Mada \r'),('clittlemorel','Universitas Negeri Semarang  \r'),('cmartineau4g','Universitas Negeri Yogyakarta \r'),('cmartinek5j','Universitas Muhammadiyah Yogyakarta \r'),('cmccarroll9a','Universitas Islam Negeri Raden Intan Lampung \r'),('cmenchentonb4','Universitas Riau \r'),('cmobley6n','Universitas Hasanuddin \r'),('coloshkin2z','Universitas Indonesia  \r'),('cpitford95','Universitas Gunadarma \r'),('cramseyce','Universitas Muhammadiyah Yogyakarta \r'),('crickerby4y','Teknologi Sepuluh Nopember \r'),('criedigerj','Universitas Muhammadiyah Malang \r'),('cscorrer97','Universitas Muhammadiyah Yogyakarta \r'),('csiverns4r','Universitas Muhammadiyah Yogyakarta \r'),('cskoulingaq','Institut Pertanian Bogor \r'),('csmeath41','Universitas Airlangga  \r'),('cspinigeb3','Universitas Hasanuddin \r'),('ctessier8z','Universitas Padjadjaran  \r'),('cthomessonbh','Universitas Negeri Malang  \r'),('cthroughtonbv','Universitas Hasanuddin \r'),('ctrimmell9x','Universitas Negeri Yogyakarta \r'),('ctrustrie82','Institut Teknologi Bandung  \r'),('cwilce7x','Universitas Bina Nusantara  \r'),('dbartolomivis83','Universitas Udayana  \r'),('dbennoe4c','Universitas Negeri Yogyakarta \r'),('dbolzmann4z','Universitas Indonesia  \r'),('dbottom4a','Institut Pertanian Bogor \r'),('dcoke53','Universitas Hasanuddin \r'),('ddanson2c','Universitas Gunadarma \r'),('ddransfield88','Universitas Airlangga  \r'),('dfalcka4','Universitas Negeri Malang  \r'),('dguilaemr','Universitas Muhammadiyah Yogyakarta \r'),('dharefoot7a','Universitas Diponegoro  \r'),('dhenkeu','Institut Teknologi Bandung  \r'),('dimlacke89','Universitas Jember \r'),('dkearfordbk','Universitas Indonesia  \r'),('dlaskey6k','Universitas Padjadjaran  \r'),('dlee9l','Universitas Indonesia  \r'),('dmarenay','Universitas Riau \r'),('dperrotc8','Universitas Negeri Semarang  \r'),('dsellner4k','Universitas Islam Indonesia \r'),('dstrangerbe','Universitas Islam Indonesia \r'),('dstrangwoodx','Universitas Indonesia  \r'),('dverea8','Universitas Negeri Semarang  \r'),('dwinchester1v','Universitas Andalas  \r'),('dworsterc2','Universitas Pendidikan Indonesia \r'),('eacors3p','Universitas Telkom Institut \r'),('eambrosoli30','Universitas Gunadarma \r'),('ebeathem4w','Universitas Jenderal Soedirman \r'),('ecalan71','Universitas Gunadarma \r'),('efalck8k','Teknologi Sepuluh Nopember \r'),('efiddyment1u','Universitas Negeri Malang  \r'),('egatch55','Universitas Negeri Yogyakarta \r'),('elomisb0','Institut Pertanian Bogor \r'),('emarler93','Universitas Jember \r'),('emcsporrin1a','Universitas Andalas  \r'),('emoreland6h','Institut Pertanian Bogor \r'),('eparysownacg','Universitas Telkom Institut \r'),('epauleit7r','Universitas Riau \r'),('epodd14','Universitas Indonesia  \r'),('erankcomc6','Universitas Muhammadiyah Malang \r'),('eruddifortha0','Universitas Jember \r'),('eshillinglaw9j','Universitas Jember \r'),('espanton48','Universitas Negeri Malang  \r'),('espriginby','Universitas Jember \r'),('everty2x','Universitas Telkom Institut \r'),('fbenger61','Universitas Negeri Malang  \r'),('fbriers2g','Universitas Jenderal Soedirman \r'),('fbuckel35','Universitas Negeri Malang  \r'),('fcapstake3b','Universitas Bina Nusantara  \r'),('fcorbitta','Universitas Islam Indonesia \r'),('fdyment3i','Universitas Andalas  \r'),('fflattau','Universitas Teknokrat Indonesia \r'),('ffolkard65','Universitas Hasanuddin \r'),('fgoggey1b','Universitas Muhammadiyah Yogyakarta \r'),('fmonaghan3c','Universitas Riau \r'),('fnice8f','Universitas Muhammadiyah Yogyakarta \r'),('fpallaske6o','Universitas Islam Negeri Raden Intan Lampung \r'),('fstaves3v','Universitas Riau \r'),('fwilliam7c','Universitas Udayana  \r'),('fyateman2d','Universitas Muhammadiyah Yogyakarta \r'),('gassante2f','Universitas Udayana  \r'),('gbartolomucci8v','Universitas Islam Negeri Raden Intan Lampung \r'),('gbelitz3u','Universitas Muhammadiyah Malang \r'),('gblatherwick1y','Universitas Muhammadiyah Malang \r'),('gconnechie24','Universitas Diponegoro  \r'),('gcosgrive5h','Universitas Islam Negeri Raden Intan Lampung \r'),('gdinisco7j','Universitas Islam Indonesia \r'),('gfeaveer2b','Teknologi Sepuluh Nopember \r'),('gfergie4n','Universitas Indonesia  \r'),('gflorisbo','Universitas Telkom Institut \r'),('ggavrieli5w','Universitas Padjadjaran  \r'),('ggoosey6l','Universitas Muhammadiyah Malang \r'),('ggroomeca','Universitas Pendidikan Indonesia \r'),('ghemphall70','Universitas Islam Indonesia \r'),('ghubbard7d','Universitas Islam Indonesia \r'),('ghyland2l','Universitas Gunadarma \r'),('givancevic6j','Universitas Sebelas Maret  \r'),('gjagiello1p','Universitas Airlangga  \r'),('gjanasb9','Universitas Jenderal Soedirman \r'),('gjellicoar','Universitas Pendidikan Indonesia \r'),('gkirkbrightal','Universitas Bina Nusantara  \r'),('gkivlin7s','Universitas Indonesia  \r'),('glocknerbd','Universitas Telkom Institut \r'),('gmalmarq','Universitas Udayana  \r'),('gmccane1i','Universitas Telkom Institut \r'),('gmcilheran6c','Teknologi Sepuluh Nopember \r'),('gollivierat','Universitas Negeri Yogyakarta \r'),('gpetasch5q','Universitas Gadjah Mada \r'),('gpicknettm','Universitas Airlangga  \r'),('gquiney6y','Universitas Telkom Institut \r'),('gsieghart87','Institut Teknologi Bandung  \r'),('gsouthard47','Universitas Airlangga  \r'),('gstrasse5z','Universitas Hasanuddin \r'),('hcowherd3t','Universitas Islam Negeri Raden Intan Lampung \r'),('hdanielovitchap','Universitas Muhammadiyah Yogyakarta \r'),('hfleetham1d','Universitas Teknokrat Indonesia \r'),('hhasson1h','Universitas Sebelas Maret  \r'),('hniemetz4s','Institut Pertanian Bogor \r'),('hperfili73','Universitas Gunadarma \r'),('hvondrasek3l','Institut Pertanian Bogor \r'),('hwatford9g','Universitas Negeri Yogyakarta \r'),('ialbert19','Teknologi Sepuluh Nopember \r'),('ibeadles6r','Universitas Padjadjaran  \r'),('icoventon4m','Universitas Islam Indonesia \r'),('idolohunty8o','Universitas Pendidikan Indonesia \r'),('ieretto','Universitas Muhammadiyah Malang \r'),('ifrisby5e','Universitas Gunadarma \r'),('ifruchon81','Universitas Muhammadiyah Yogyakarta \r'),('igoodbournbi','Institut Pertanian Bogor \r'),('iguerri43','Institut Teknologi Bandung  \r'),('ihedger9o','Institut Pertanian Bogor \r'),('ihulks52','Universitas Andalas  \r'),('iluchelli6d','Universitas Muhammadiyah Yogyakarta \r'),('imarriagea2','Universitas Indonesia  \r'),('imotta5','Universitas Negeri Malang  \r'),('irigney9u','Universitas Pendidikan Indonesia \r'),('irozzell86','Teknologi Sepuluh Nopember \r'),('isemechik68','Universitas Negeri Malang  \r'),('jandrelli6q','Universitas Muhammadiyah Yogyakarta \r'),('jbastowcb','Universitas Udayana  \r'),('jbeavonc0','Universitas Hasanuddin \r'),('jbernli6i','Universitas Islam Negeri Sunan Kalijaga Yogyakarta \r'),('jcastano2o','Universitas Islam Negeri Sunan Kalijaga Yogyakarta \r'),('jclunan37','Institut Teknologi Bandung  \r'),('jdimmackaj','Universitas Muhammadiyah Malang \r'),('jdirran','Universitas Diponegoro  \r'),('jduckitt63','Institut Teknologi Bandung  \r'),('jgreeraa','Universitas Riau \r'),('jjoinsonbu','Universitas Gunadarma \r'),('jjuggins6u','Universitas Jember \r'),('jkenneway4j','Universitas Padjadjaran  \r'),('jmacknockiter1z','Universitas Padjadjaran  \r'),('jmaggiori8d','Universitas Telkom Institut \r'),('jmeanwell4','Universitas Muhammadiyah Malang \r'),('jocarmody62','Universitas Riau \r'),('joldacres84','Universitas Airlangga  \r'),('jpiesing9t','Universitas Gunadarma \r'),('jquinn3g','Universitas Negeri Yogyakarta \r'),('jreary7n','Universitas Jenderal Soedirman \r'),('jtrumpera9','Universitas Negeri Yogyakarta \r'),('karlidgec7','Teknologi Sepuluh Nopember \r'),('kbertolaccini5s','Universitas Negeri Semarang  \r'),('kblanc1t','Universitas Bina Nusantara  \r'),('kcapps9e','Universitas Islam Negeri Raden Intan Lampung \r'),('﻿kdocwra1m','Universitas Diponegoro  \r'),('kdoumerque9b','Universitas Hasanuddin \r'),('keastopea1','Universitas Brawijaya \r'),('keusdencc','Universitas Muhammadiyah Yogyakarta \r'),('kgellett4p','Universitas Islam Negeri Sunan Kalijaga Yogyakarta \r'),('khallawella7','Universitas Padjadjaran  \r'),('kkolakovic8y','Universitas Padjadjaran  \r'),('kleyden6b','Universitas Gadjah Mada \r'),('kmagwood60','Universitas Negeri Yogyakarta \r'),('krudderham9k','Universitas Teknokrat Indonesia \r'),('ksetterthwait5g','Universitas Negeri Semarang  \r'),('kwookey8g','Universitas Sebelas Maret  \r'),('laddams6v','Universitas Islam Indonesia \r'),('laim7i','Universitas Negeri Malang  \r'),('laldhous8t','Universitas Padjadjaran  \r'),('lasher1','Universitas Hasanuddin \r'),('lastyn','Universitas Padjadjaran  \r'),('lbaggarleyb5','Universitas Pendidikan Indonesia \r'),('lbrimley9i','Universitas Brawijaya \r'),('ldorman3z','Universitas Padjadjaran  \r'),('ldrever3f','Universitas Pendidikan Indonesia \r'),('lgoodings4q','Universitas Udayana  \r'),('lhankins2v','Institut Pertanian Bogor \r'),('lkittow7k','Universitas Muhammadiyah Yogyakarta \r'),('llumley1g','Universitas Gunadarma \r'),('lmarlinc9','Universitas Andalas  \r'),('lmilkin54','Universitas Gadjah Mada \r'),('lpacht8m','Universitas Hasanuddin \r'),('lpibornbg','Universitas Indonesia  \r'),('lspellecy13','Universitas Bina Nusantara  \r'),('lthorsen50','Universitas Islam Negeri Sunan Kalijaga Yogyakarta \r'),('ltroy9m','Universitas Sumatera Utara \r'),('lvarrow5k','Universitas Airlangga  \r'),('makers3r','Universitas Muhammadiyah Yogyakarta \r'),('malton6g','Universitas Gunadarma \r'),('massender3e','Universitas Islam Negeri Sunan Kalijaga Yogyakarta \r'),('mbarts8q','Universitas Airlangga  \r'),('mbenning32','Universitas Islam Negeri Sunan Kalijaga Yogyakarta \r'),('mblaney49','Universitas Islam Negeri Raden Intan Lampung \r'),('mbortoletti2e','Universitas Indonesia  \r'),('mbradie56','Universitas Hasanuddin \r'),('mbridge2h','Universitas Islam Indonesia \r'),('mbrumwell76','Universitas Gunadarma \r'),('mcopcotth','Universitas Sebelas Maret  \r'),('mcripps9q','Universitas Indonesia  \r'),('mdibb8r','Universitas Negeri Yogyakarta \r'),('mdingle15','Universitas Jember \r'),('mdodgshun2a','Universitas Islam Indonesia \r'),('mduddleb2','Universitas Sebelas Maret  \r'),('mellerton7p','Universitas Riau \r'),('merikssonas','Universitas Bina Nusantara  \r'),('mevison2y','Universitas Teknokrat Indonesia \r'),('mfrushard3a','Universitas Brawijaya \r'),('mgomar1k','Universitas Muhammadiyah Yogyakarta \r'),('mhanksah','Universitas Jember \r'),('mhitzke80','Universitas Indonesia  \r'),('mkiledal5u','Universitas Riau \r'),('mkryszkiecicz85','Institut Pertanian Bogor \r'),('mlancastleax','Universitas Hasanuddin \r'),('mlancett39','Universitas Sebelas Maret  \r'),('mlattimorep','Universitas Gadjah Mada \r'),('mlauchlanc','Universitas Islam Negeri Raden Intan Lampung \r'),('mleadbitter7t','Universitas Riau \r'),('mlethby8w','Universitas Padjadjaran  \r'),('mlowde6','Universitas Pendidikan Indonesia \r'),('mmagson5p','Universitas Pendidikan Indonesia \r'),('mmcquillan51','Teknologi Sepuluh Nopember \r'),('mmicheu2r','Universitas Jember \r'),('mmound9v','Universitas Islam Indonesia \r'),('mocarney64','Universitas Muhammadiyah Malang \r'),('mpieterickbf','Teknologi Sepuluh Nopember \r'),('msharplin8j','Universitas Udayana  \r'),('msimonutti3m','Teknologi Sepuluh Nopember \r'),('mskepper7q','Universitas Udayana  \r'),('msyer9y','Universitas Muhammadiyah Yogyakarta \r'),('mtebbothc3','Universitas Jenderal Soedirman \r'),('mwipfler3d','Universitas Islam Negeri Sunan Kalijaga Yogyakarta \r'),('myannonia3','Universitas Islam Indonesia \r'),('naloigibj','Universitas Gunadarma \r'),('ncritchellba','Universitas Islam Negeri Raden Intan Lampung \r'),('ndoudneyb7','Universitas Airlangga  \r'),('nfigginsao','Universitas Islam Negeri Raden Intan Lampung \r'),('nlefrancai','Universitas Riau \r'),('nleopardbb','Universitas Jenderal Soedirman \r'),('nmarke58','Universitas Jember \r'),('nmcquirter9d','Universitas Jember \r'),('nsawkin7o','Institut Pertanian Bogor \r'),('nspickett34','Teknologi Sepuluh Nopember \r'),('nwombwell6p','Institut Pertanian Bogor \r'),('odarycott45','Institut Teknologi Bandung  \r'),('odubber98','Universitas Islam Indonesia \r'),('oduddy5d','Universitas Padjadjaran  \r'),('ogodwyn57','Universitas Riau \r'),('oliddicoat6e','Universitas Diponegoro  \r'),('omcguirebr','Universitas Muhammadiyah Malang \r'),('opogosianav','Universitas Teknokrat Indonesia \r'),('ostreather5y','Universitas Negeri Yogyakarta \r'),('pantalffy1j','Universitas Islam Indonesia \r'),('pcasselybz','Universitas Jenderal Soedirman \r'),('pdallewater7','Universitas Brawijaya \r'),('pdodman1q','Universitas Sebelas Maret  \r'),('plongfut1f','Universitas Islam Indonesia \r'),('plooks94','Universitas Negeri Malang  \r'),('pmaccaffrey9s','Institut Pertanian Bogor \r'),('ppercifer5b','Institut Teknologi Bandung  \r'),('ppinnigaraw','Institut Teknologi Bandung  \r'),('ptimminsb1','Universitas Diponegoro  \r'),('pvallerc4','Universitas Islam Negeri Raden Intan Lampung \r'),('rabsolon33','Universitas Muhammadiyah Malang \r'),('rbausmann8s','Universitas Udayana  \r'),('rbeardwood1n','Universitas Pendidikan Indonesia \r'),('rbrindley8p','Universitas Negeri Malang  \r'),('rcaselyz','Universitas Airlangga  \r'),('rdahlback1c','Universitas Riau \r'),('rdanilovic2u','Universitas Brawijaya \r'),('rdibb8a','Universitas Riau \r'),('redgaraf','Universitas Padjadjaran  \r'),('rfrill96','Universitas Sumatera Utara \r'),('rgascoignebw','Universitas Jenderal Soedirman \r'),('rgendricke31','Universitas Indonesia  \r'),('rgladbachch','Universitas Bina Nusantara  \r'),('rkamiyama4v','Universitas Negeri Yogyakarta \r'),('rkunzw','Universitas Pendidikan Indonesia \r'),('rluckcock4t','Teknologi Sepuluh Nopember \r'),('rmcramsey7f','Universitas Sumatera Utara \r'),('rnilgesbs','Universitas Islam Negeri Sunan Kalijaga Yogyakarta \r'),('rodempseybt','Universitas Muhammadiyah Yogyakarta \r'),('rpeeke4d','Universitas Andalas  \r'),('rpydcock8e','Universitas Jenderal Soedirman \r'),('rrichardsson59','Universitas Udayana  \r'),('rscudders4f','Universitas Negeri Yogyakarta \r'),('rthurgood5v','Universitas Riau \r'),('rvarnam4b','Universitas Negeri Semarang  \r'),('rwisker2w','Universitas Teknokrat Indonesia \r'),('sanfossi8i','Universitas Telkom Institut \r'),('sblackborne91','Universitas Gunadarma \r'),('sblanqued','Teknologi Sepuluh Nopember \r'),('sbris67','Universitas Muhammadiyah Malang \r'),('sbromley4x','Institut Teknologi Bandung  \r'),('sbrounfield9z','Universitas Indonesia  \r'),('scallicott5t','Universitas Islam Negeri Raden Intan Lampung \r'),('scucuzza2q','Universitas Islam Negeri Raden Intan Lampung \r'),('scyseley8l','Universitas Jember \r'),('sdresse28','Universitas Diponegoro  \r'),('sdunsmore92','Institut Teknologi Bandung  \r'),('sestickad','Universitas Indonesia  \r'),('sflintoff6z','Universitas Muhammadiyah Yogyakarta \r'),('sfrancom17','Universitas Airlangga  \r'),('sgrote7g','Universitas Islam Negeri Raden Intan Lampung \r'),('sholliganac','Universitas Sumatera Utara \r'),('sjanowicz78','Teknologi Sepuluh Nopember \r'),('slysaghtab','Universitas Muhammadiyah Yogyakarta \r'),('smaccard7l','Universitas Muhammadiyah Malang \r'),('smactrustie3j','Universitas Gadjah Mada \r'),('smccambrois3n','Universitas Muhammadiyah Malang \r'),('smichelle5m','Universitas Indonesia  \r'),('smougelag','Universitas Sumatera Utara \r'),('srearie9n','Universitas Islam Negeri Sunan Kalijaga Yogyakarta \r'),('ssemorad5l','Universitas Jember \r'),('ssiburn25','Universitas Muhammadiyah Yogyakarta \r'),('sstanaway3w','Institut Teknologi Bandung  \r'),('stheze2m','Universitas Riau \r'),('sthorneyworkbm','Universitas Jember \r'),('svandevelde2','Universitas Negeri Semarang  \r'),('swimms3q','Universitas Riau \r'),('tadds9w','Universitas Bina Nusantara  \r'),('tadiscot7b','Universitas Jember \r'),('tarberak','Universitas Jember \r'),('tboldersonbn','Universitas Indonesia  \r'),('tcoggins2t','Universitas Indonesia  \r'),('tcussins26','Institut Pertanian Bogor \r'),('tdebenham3','Universitas Diponegoro  \r'),('tdowbigginbl','Universitas Jember \r'),('telegood1e','Universitas Padjadjaran  \r'),('tfeaster0','Universitas Indonesia  \r'),('tfink3h','Universitas Negeri Yogyakarta \r'),('theifer3o','Universitas Negeri Yogyakarta \r'),('tjaneway10','Universitas Indonesia  \r'),('tkeppel7u','Universitas Padjadjaran  \r'),('tlambertz9','Universitas Airlangga  \r'),('tlecornu3s','Universitas Muhammadiyah Yogyakarta \r'),('tlightowler4i','Universitas Jember \r'),('tpauluzziam','Universitas Negeri Yogyakarta \r'),('tpiercey9f','Universitas Pendidikan Indonesia \r'),('trevel5n','Universitas Muhammadiyah Malang \r'),('tserfatik','Institut Pertanian Bogor \r'),('tshilstone4o','Universitas Hasanuddin \r'),('ttweedie79','Universitas Sebelas Maret  \r'),('tweatherley4u','Universitas Riau \r'),('ufrangello69','Universitas Airlangga  \r'),('umitteny','Universitas Pendidikan Indonesia \r'),('uvannucciniibq','Institut Teknologi Bandung  \r'),('uwoollaston8c','Universitas Andalas  \r'),('vcawthorn8','Universitas Negeri Semarang  \r'),('vcuskery11','Universitas Negeri Yogyakarta \r'),('vdetoile46','Universitas Gunadarma \r'),('vllewhellin44','Universitas Sumatera Utara \r'),('vmoxon5c','Universitas Udayana  \r'),('vturnerf','Universitas Diponegoro  \r'),('wabrahamit','Universitas Padjadjaran  \r'),('wblakese','Universitas Telkom Institut \r'),('wblees16','Universitas Muhammadiyah Malang \r'),('wbowlesworth7y','Universitas Diponegoro  \r'),('wburgnebc','Universitas Indonesia  \r'),('wcolwill42','Universitas Hasanuddin \r'),('wdarwen6m','Universitas Pendidikan Indonesia \r'),('wdeetch1r','Universitas Jember \r'),('wduffilc5','Universitas Sebelas Maret  \r'),('wgregorowicz6x','Universitas Hasanuddin \r'),('wjenman2p','Universitas Brawijaya \r'),('wmcclurecf','Universitas Gadjah Mada \r'),('wruddoch72','Universitas Hasanuddin \r'),('wschwier2s','Institut Pertanian Bogor \r'),('wthundercliffe5a','Universitas Andalas  \r'),('ypulleraz','Universitas Muhammadiyah Yogyakarta \r'),('zeversfieldi','Universitas Telkom Institut \r');
/*!40000 ALTER TABLE `university_interest` ENABLE KEYS */;
UNLOCK TABLES;
/*!40103 SET TIME_ZONE=@OLD_TIME_ZONE */;

/*!40101 SET SQL_MODE=@OLD_SQL_MODE */;
/*!40014 SET FOREIGN_KEY_CHECKS=@OLD_FOREIGN_KEY_CHECKS */;
/*!40014 SET UNIQUE_CHECKS=@OLD_UNIQUE_CHECKS */;
/*!40101 SET CHARACTER_SET_CLIENT=@OLD_CHARACTER_SET_CLIENT */;
/*!40101 SET CHARACTER_SET_RESULTS=@OLD_CHARACTER_SET_RESULTS */;
/*!40101 SET COLLATION_CONNECTION=@OLD_COLLATION_CONNECTION */;
/*!40111 SET SQL_NOTES=@OLD_SQL_NOTES */;

-- Dump completed on 2022-11-04 19:54:00
