-- MySQL dump 10.13  Distrib 8.0.31, for Win64 (x86_64)
--
-- Host: localhost    Database: tubes
-- ------------------------------------------------------
-- Server version	8.0.31

/*!40101 SET @OLD_CHARACTER_SET_CLIENT=@@CHARACTER_SET_CLIENT */;
/*!40101 SET @OLD_CHARACTER_SET_RESULTS=@@CHARACTER_SET_RESULTS */;
/*!40101 SET @OLD_COLLATION_CONNECTION=@@COLLATION_CONNECTION */;
/*!50503 SET NAMES utf8 */;
/*!40103 SET @OLD_TIME_ZONE=@@TIME_ZONE */;
/*!40103 SET TIME_ZONE='+00:00' */;
/*!40014 SET @OLD_UNIQUE_CHECKS=@@UNIQUE_CHECKS, UNIQUE_CHECKS=0 */;
/*!40014 SET @OLD_FOREIGN_KEY_CHECKS=@@FOREIGN_KEY_CHECKS, FOREIGN_KEY_CHECKS=0 */;
/*!40101 SET @OLD_SQL_MODE=@@SQL_MODE, SQL_MODE='NO_AUTO_VALUE_ON_ZERO' */;
/*!40111 SET @OLD_SQL_NOTES=@@SQL_NOTES, SQL_NOTES=0 */;

--
-- Table structure for table `parent`
--

DROP TABLE IF EXISTS `parent`;
/*!40101 SET @saved_cs_client     = @@character_set_client */;
/*!50503 SET character_set_client = utf8mb4 */;
CREATE TABLE `parent` (
  `Username` varchar(20) NOT NULL,
  `Family_Name` varchar(45) NOT NULL,
  PRIMARY KEY (`Username`),
  CONSTRAINT `Username_Parent` FOREIGN KEY (`Username`) REFERENCES `user` (`Username`) ON DELETE RESTRICT ON UPDATE RESTRICT
) ENGINE=InnoDB DEFAULT CHARSET=utf8mb4 COLLATE=utf8mb4_0900_ai_ci;
/*!40101 SET character_set_client = @saved_cs_client */;

--
-- Dumping data for table `parent`
--

LOCK TABLES `parent` WRITE;
/*!40000 ALTER TABLE `parent` DISABLE KEYS */;
INSERT INTO `parent` VALUES ('acornfoot4f','Jewster'),('adacombe5v','Costock'),('aduncklee4z','Clabburn'),('agibbins65','Beddard'),('agussie78','Syer'),('aharness53','Waker'),('akopmann5d','Drees'),('amortimer7m','Goodbarr'),('aovitts7t','Beilby'),('bbroadhurst7z','Greystoke'),('bgrenter48','Tapner'),('bgunthorp50','Possell'),('bhammatt46','Sabatier'),('bjoiris5z','Braund'),('bmactrustam5a','Rawstorn'),('bmcavin5h','Paskin'),('bnotman5p','Mitchard'),('bscipsey7o','Duding'),('bskelding72','Rebichon'),('bstronghill77','Creech'),('btorrisi62','Carleman'),('cbastard8b','Molan'),('ccardo7w','Christofle'),('ccollcutt66','Feldharker'),('cconachie5m','Swiffen'),('cgeldeard6b','Tolerton'),('cjurgenson4s','Priden'),('cleek6h','Bellhanger'),('cmartinello52','Braysher'),('cnewlove82','Bruckner'),('cwatton7b','Lytlle'),('cygo7a','Dotson'),('dallbones5j','Edwins'),('dchevalier75','Gurnee'),('dfiney4c','Besantie'),('dmaskell87','Pesselt'),('dsimionescu7n','Ethridge'),('ecasaccia7g','Chetter'),('ecolpus6v','Powner'),('efebry4k','Vermer'),('fbraisby6w','Savill'),('fcheine4x','Bettlestone'),('fcrohan7d','Veysey'),('fdanis51','Tuff'),('fgrizard67','Klimes'),('fruckhard76','Gilburt'),('fsamarth59','Gwioneth'),('fstirgess7h','Monaghan'),('gdavidzon4i','Sleith'),('gdorsay4n','Ronci'),('ggrunder5s','Hillam'),('gkiehne7v','Storer'),('gklausen88','Abramovitch'),('glappine7x','Bonas'),('gpopeley5c','Rigmand'),('grackham5i','Kamall'),('gscuffham80','Thying'),('gshurlock6o','Grassick'),('haaronson5t','Bellison'),('hbranston4g','Claworth'),('hdeclerc4b','Bearward'),('hliebermann4t','Ganning'),('hmcquorkel5w','MacGahey'),('hnewstead4q','Windle'),('hrubin5q','Gowanson'),('hwestoff54','Rains'),('idash4h','Egell'),('imoon6c','Jado'),('irake4l','Dudin'),('iwinscomb6a','Sodor'),('jabella6f','Maffucci'),('jdavidsohn6s','Lamke'),('jgrebner61','Creyke'),('jhabin6j','Fordy'),('jnance7i','MacSween'),('jsennett7f','Bourrel'),('kbartolomeoni7s','Vescovini'),('kbouskill6l','Dandy'),('keberle55','Etches'),('kforth85','Latek'),('klightbourn6y','Tuberfield'),('knekrews5u','Sacher'),('kswinfen6u','Pachmann'),('lerrichelli5g','Scowcroft'),('lgoodley86','Mewhirter'),('lheaney58','Pena'),('lledwith7p','Kimmons'),('lspelman89','Abel'),('lthornewill5n','Wanley'),('mbrumen4m','McCaughren'),('mdauney71','Wehden'),('mhendrichs4u','Haggard'),('mhughes4o','Bazely'),('mmaides6k','Kibel'),('mmartelet83','Sumption'),('mpauer6x','Duferie'),('mpellew5e','Jacobsohn'),('mrowbottam4a','Conew'),('msancroft84','Spawforth'),('msheilds56','Stein'),('msollett6m','Allday'),('mstealy6e','Triggs'),('naddie5y','Plaistowe'),('natterley74','Dowling'),('nbulstrode5b','Tiddeman'),('nclifft7r','Mendel'),('nnewsham70','McLaverty'),('npickavant4y','Youthead'),('offorde6q','Windebank'),('ogregoli4w','Barton'),('pattride7q','Tilt'),('pdubois60','Millson'),('pdymick4v','Aubrun'),('phickinbottom73','Douberday'),('pimlach64','Derington'),('pmordy4j','Earey'),('ppuffett7k','Stedman'),('rbahls6n','Ashurst'),('rcaines7u','Snowsill'),('rkynan5o','McCurrie'),('rlimerick5k','Leathe'),('rmilburne7e','Reddings'),('rruben7y','Bardsley'),('rstanier6g','Turford'),('scary6z','Carletti'),('scisec7c','Wickey'),('sdamiata4r','Fumagall'),('sgimber7j','Swanger'),('shasling69','Tendahl'),('skefford8a','Bartol'),('skilbride6p','Harmeston'),('skingsly6r','MacFarlane'),('smadgin4d','Ryley'),('snourse47','Manville'),('ssirett4p','Ruperti'),('tblamire68','Pentland'),('tjosham5x','de Grey'),('tkinnear5f','Snugg'),('tpickthorne4e','Priscott'),('ttomisch5r','Ronaldson'),('vchevin49','Roberson'),('vnelsen7l','Fellona'),('voxbe6d','Ironmonger'),('welmhirst81','Mooney'),('wgawkes6t','Byfford'),('wschlagh6i','Macquire'),('wstoakes79','Vasyanin'),('ycockin63','Looney'),('zdrogan57','Graith'),('zgulston5l','Bridges');
/*!40000 ALTER TABLE `parent` ENABLE KEYS */;
UNLOCK TABLES;

--
-- Table structure for table `student`
--

DROP TABLE IF EXISTS `student`;
/*!40101 SET @saved_cs_client     = @@character_set_client */;
/*!50503 SET character_set_client = utf8mb4 */;
CREATE TABLE `student` (
  `Username` varchar(20) NOT NULL,
  `School` varchar(20) NOT NULL,
  `Grade` int DEFAULT NULL,
  `Submission_Rate` int NOT NULL,
  `Average_Score` int NOT NULL,
  `Masteres_Topic_Rate` int NOT NULL,
  `Last_Login` datetime NOT NULL,
  `Family_Name` varchar(45) NOT NULL,
  `Class_ID` int NOT NULL,
  PRIMARY KEY (`Username`),
  CONSTRAINT `Username_Student` FOREIGN KEY (`Username`) REFERENCES `user` (`Username`)
) ENGINE=InnoDB DEFAULT CHARSET=utf8mb4 COLLATE=utf8mb4_0900_ai_ci;
/*!40101 SET character_set_client = @saved_cs_client */;

--
-- Dumping data for table `student`
--

LOCK TABLES `student` WRITE;
/*!40000 ALTER TABLE `student` DISABLE KEYS */;
INSERT INTO `student` VALUES ('aalsop2k','SMA 7',NULL,56,80,30,'2022-11-06 09:54:12','Such',9),('abellows1o','SMA 5',NULL,23,74,69,'2022-11-06 12:43:09','Luxon',6),('abilbrook2n','SMP 4',NULL,18,93,80,'2022-11-05 14:48:08','Davidou',18),('acowans7m','SMA 16',NULL,19,23,52,'2022-11-05 08:41:07','Marioneau',1),('acromwell9h','SMA 23',NULL,72,85,54,'2022-11-05 12:17:17','Winson',8),('acuxon6s','SMA 14',NULL,89,95,96,'2022-11-06 01:18:12','Bartosinski',12),('adaunaya6','SMA 16',NULL,38,56,79,'2022-11-05 10:37:24','Quelch',17),('adilke5r','SMA 12',NULL,69,65,31,'2022-11-06 18:02:33','Lealle',17),('adolby8n','SMA 6',NULL,4,88,62,'2022-11-06 22:17:02','Ibbeson',6),('aduffieldg','SMA 16',NULL,55,79,57,'2022-11-06 08:56:38','Clayfield',2),('adumpleton9c','SMA 24',NULL,71,49,47,'2022-11-06 05:18:31','Izakoff',18),('aeagers7v','SMP 7',NULL,87,34,1,'2022-11-05 23:56:14','Musson',16),('aeglington3x','SMA 14',NULL,44,63,77,'2022-11-05 17:56:43','Ladel',7),('afussell3y','SMA 3',NULL,60,83,31,'2022-11-05 08:35:19','Wellbelove',19),('agrabbam74','SMA 16',NULL,50,61,41,'2022-11-06 19:32:49','Basilotta',11),('akase99','SMA 18',NULL,45,30,66,'2022-11-05 01:12:59','Norton',19),('akenton8h','SMA 10',NULL,92,71,97,'2022-11-05 08:05:01','Parkins',8),('akleehuhler7w','SMA 19',NULL,29,52,64,'2022-11-06 12:41:52','Le Hucquet',13),('amanes5o','SMA 20',NULL,90,87,27,'2022-11-06 15:01:54','Coveney',6),('amerring20','SMA 5',NULL,54,36,37,'2022-11-05 03:21:01','Rosetti',8),('amulvaney4h','SMA 18',NULL,58,82,49,'2022-11-05 08:30:11','Espinola',7),('amurieb','SMA 11',NULL,70,76,21,'2022-11-05 11:34:21','Vidler',9),('amurrock8x','SMA 2',NULL,67,44,97,'2022-11-05 07:53:46','L\' Estrange',5),('anewham12','SMA 11',NULL,87,65,95,'2022-11-05 04:43:53','Willcocks',19),('aridoutt6a','SMA 20',NULL,73,87,93,'2022-11-06 14:50:22','Peris',2),('asaill27','SMP 6',NULL,26,42,84,'2022-11-05 03:57:18','Bruin',5),('asanto75','SMA 11',NULL,67,39,53,'2022-11-05 11:42:01','Baythorp',4),('asarsonsbx','SMP 22',NULL,56,26,90,'2022-11-05 11:15:20','Mullen',17),('astapleford7z','SMA 7',NULL,47,54,80,'2022-11-06 08:50:05','Sprionghall',19),('asymondson90','SMP 10',NULL,2,44,60,'2022-11-05 06:01:06','Fransson',15),('atulip8u','SMA 10',NULL,44,53,10,'2022-11-05 18:41:28','Lively',6),('awincebp','SMA 18',NULL,83,63,58,'2022-11-05 09:33:53','Cutbush',8),('awolfer29','SMA 4',NULL,2,54,93,'2022-11-05 13:15:02','Daens',8),('azebedee36','SMP 21',NULL,79,50,98,'2022-11-06 13:03:12','McKevany',17),('baireton66','SMA 11',NULL,44,2,75,'2022-11-05 15:31:11','Deppe',20),('bbrodest6t','SMA 7',NULL,69,73,68,'2022-11-05 01:22:29','Buller',16),('bdoldon1s','SMA 10',NULL,37,30,57,'2022-11-06 22:24:56','Brownfield',12),('bfrantzen22','SMA 11',NULL,70,12,41,'2022-11-05 11:57:32','Landeg',6),('bgoodered1l','SMA 10',NULL,79,96,21,'2022-11-05 13:42:44','Cantrell',10),('bguerola6w','SMA 24',NULL,32,25,95,'2022-11-06 06:33:38','Acors',13),('biacovaccio7h','SMA 21',NULL,70,72,13,'2022-11-06 09:20:15','Jankowski',17),('bibel1w','SMA 11',NULL,75,95,84,'2022-11-05 08:09:44','Allmann',3),('blavis77','SMA 7',NULL,24,94,19,'2022-11-06 00:03:38','Undrill',19),('blawee6f','SMA 24',NULL,99,18,2,'2022-11-05 01:05:20','Davydochkin',12),('blembcke40','SMA 24',NULL,66,13,60,'2022-11-06 07:04:52','Janway',8),('bloble5','SMA 13',NULL,77,35,77,'2022-11-05 08:25:44','Melanaphy',13),('bmccloy3k','SMP 6',NULL,2,36,32,'2022-11-05 16:02:38','McWhorter',16),('bmea8b','SMP 24',NULL,38,24,5,'2022-11-05 00:24:33','Von Der Empten',2),('bnovkovic5i','SMA 2',NULL,89,89,91,'2022-11-06 03:17:03','Van Niekerk',4),('bpapenae','SMA 6',NULL,70,59,33,'2022-11-06 21:34:10','Holdforth',2),('bpischof1x','SMP 18',NULL,48,7,38,'2022-11-05 14:10:01','Rabjohns',16),('bpurkisc1','SMA 5',NULL,53,68,92,'2022-11-06 20:32:06','Jowsey',9),('bskittrell2i','SMA 19',NULL,89,40,78,'2022-11-06 11:50:26','Craigs',16),('bstraker9r','SMA 11',NULL,53,34,57,'2022-11-05 12:28:11','Olsson',15),('byakobowitch5f','SMA 11',NULL,92,34,25,'2022-11-06 13:22:29','Nickols',17),('byashunin2j','SMP 7',NULL,37,20,69,'2022-11-05 01:18:38','Aicken',13),('cauchterlony21','SMA 12',NULL,28,34,68,'2022-11-05 14:59:17','Sloyan',1),('cbernard5x','SMA 17',NULL,24,51,100,'2022-11-05 19:21:56','McGerr',20),('cborland23','SMA 21',NULL,92,90,8,'2022-11-05 16:08:24','Dominico',11),('cedmans38','SMA 3',NULL,7,15,96,'2022-11-06 06:56:36','Swatton',1),('cerratt9p','SMA 15',NULL,3,66,46,'2022-11-06 23:34:11','Slatford',16),('cferrandb8','SMA 25',NULL,81,36,77,'2022-11-05 04:53:26','Roberds',15),('cgeorgotcd','SMP 16',NULL,54,34,29,'2022-11-05 04:37:40','Petri',2),('chadleigh18','SMP 9',NULL,55,34,24,'2022-11-05 00:08:40','Jouhning',10),('cherkesss','SMA 2',NULL,11,1,30,'2022-11-05 04:17:46','Muffett',12),('ckelson4e','SMA 11',NULL,71,1,24,'2022-11-06 19:33:17','Brunini',12),('ckralev','SMA 2',NULL,82,100,80,'2022-11-05 01:45:33','Hackleton',5),('clamborne4l','SMA 15',NULL,66,39,87,'2022-11-05 10:07:38','Ca',19),('cleggateb6','SMP 20',NULL,75,59,13,'2022-11-06 13:08:33','Levine',6),('clhommeau7e','SMA 16',NULL,89,73,15,'2022-11-06 08:25:48','Michin',19),('clittlemorel','SMA 15',NULL,68,75,20,'2022-11-06 09:00:25','Kolis',6),('cmartineau4g','SMA 2',NULL,9,55,29,'2022-11-05 15:57:04','Jordanson',3),('cmartinek5j','SMP 25',NULL,3,75,11,'2022-11-06 07:40:41','Holdforth',19),('cmccarroll9a','SMA 18',NULL,98,96,53,'2022-11-05 12:48:01','Cherm',11),('cmenchentonb4','SMP 20',NULL,3,55,63,'2022-11-06 23:49:52','Fildes',6),('cmobley6n','SMP 25',NULL,59,27,56,'2022-11-06 11:56:39','Shelf',8),('coloshkin2z','SMA 2',NULL,34,87,46,'2022-11-05 18:17:27','Edwardson',3),('cpitford95','SMA 19',NULL,71,1,27,'2022-11-06 11:32:47','Eaglestone',1),('cramseyce','SMP 9',NULL,43,92,40,'2022-11-06 18:38:47','Katte',17),('crickerby4y','SMP 8',NULL,9,93,64,'2022-11-05 16:20:50','Raffles',16),('criedigerj','SMA 24',NULL,20,49,68,'2022-11-05 05:39:27','Goretti',19),('cscorrer97','SMA 3',NULL,35,64,45,'2022-11-05 17:30:08','Overlow',9),('csiverns4r','SMP 5',NULL,72,93,41,'2022-11-06 08:58:15','McKinless',5),('cskoulingaq','SMA 21',NULL,66,66,99,'2022-11-05 16:48:50','Studdal',3),('csmeath41','SMP 3',NULL,48,93,30,'2022-11-06 03:42:31','Belli',13),('cspinigeb3','SMA 24',NULL,47,74,4,'2022-11-05 03:43:42','Tyler',15),('ctessier8z','SMP 3',NULL,48,17,11,'2022-11-05 07:47:32','Curness',7),('cthomessonbh','SMA 20',NULL,13,23,93,'2022-11-06 05:58:54','Sommer',9),('cthroughtonbv','SMA 19',NULL,85,61,59,'2022-11-05 10:38:12','Arnely',18),('ctrimmell9x','SMP 20',NULL,8,60,82,'2022-11-05 05:40:18','Cheson',17),('ctrustrie82','SMA 24',NULL,35,82,95,'2022-11-05 04:01:10','Minton',11),('cwilce7x','SMA 14',NULL,18,32,20,'2022-11-05 06:00:34','Bredbury',3),('dbartolomivis83','SMA 17',NULL,81,23,19,'2022-11-05 07:00:47','Undrill',18),('dbennoe4c','SMP 24',NULL,86,72,17,'2022-11-06 01:07:40','Zorzin',3),('dbolzmann4z','SMA 20',NULL,54,44,95,'2022-11-05 21:09:31','Madgin',15),('dbottom4a','SMA 7',NULL,38,19,43,'2022-11-06 13:24:41','Priddy',11),('dcoke53','SMA 17',NULL,42,15,42,'2022-11-06 06:13:32','Whetland',18),('ddanson2c','SMA 12',NULL,72,40,32,'2022-11-06 22:12:24','Hicken',5),('ddransfield88','SMA 4',NULL,91,41,37,'2022-11-05 01:50:11','Minithorpe',3),('dfalcka4','SMA 3',NULL,24,5,48,'2022-11-06 13:22:15','Pincott',5),('dguilaemr','SMA 19',NULL,4,44,17,'2022-11-05 16:44:09','Deppe',7),('dharefoot7a','SMA 11',NULL,78,69,50,'2022-11-05 18:18:18','Demsey',19),('dhenkeu','SMA 20',NULL,73,80,43,'2022-11-05 17:19:57','Barnett',9),('dimlacke89','SMA 14',NULL,26,75,76,'2022-11-05 01:17:16','Levay',3),('dkearfordbk','SMP 7',NULL,29,62,53,'2022-11-06 14:04:43','McKennan',19),('dlaskey6k','SMA 12',NULL,56,41,12,'2022-11-05 21:33:04','Leyland',12),('dlee9l','SMA 24',NULL,55,18,34,'2022-11-06 20:32:04','Casero',5),('dmarenay','SMA 16',NULL,90,43,53,'2022-11-05 05:00:28','Chisnall',15),('dperrotc8','SMA 24',NULL,77,93,99,'2022-11-05 12:50:33','McCritchie',20),('dsellner4k','SMA 17',NULL,90,30,79,'2022-11-06 00:18:05','Yerill',7),('dstrangerbe','SMA 16',NULL,82,75,70,'2022-11-05 10:53:04','Vasiljevic',4),('dstrangwoodx','SMP 21',NULL,13,73,1,'2022-11-06 21:06:18','Thurlbourne',15),('dverea8','SMP 21',NULL,68,44,2,'2022-11-06 08:49:48','Atterley',10),('dwinchester1v','SMP 7',NULL,5,44,6,'2022-11-05 07:26:56','Tschirasche',4),('dworsterc2','SMA 5',NULL,1,40,35,'2022-11-06 13:48:40','Baynom',15),('eacors3p','SMA 14',NULL,10,27,15,'2022-11-05 07:33:44','Haldin',11),('eambrosoli30','SMA 3',NULL,42,16,74,'2022-11-05 02:02:15','O\'Canavan',6),('ebeathem4w','SMA 21',NULL,55,76,21,'2022-11-05 02:08:16','Yude',15),('ecalan71','SMA 7',NULL,68,55,86,'2022-11-05 07:42:51','Jacquemot',17),('efalck8k','SMA 5',NULL,26,89,92,'2022-11-05 23:26:45','Guppey',4),('efiddyment1u','SMP 22',NULL,31,76,45,'2022-11-05 21:25:10','Booty',13),('egatch55','SMA 20',NULL,66,19,45,'2022-11-05 07:38:50','Ingleton',5),('elomisb0','SMA 7',NULL,6,47,78,'2022-11-06 14:47:47','Cord',20),('emarler93','SMA 3',NULL,18,42,24,'2022-11-06 04:57:14','Loveridge',2),('emcsporrin1a','SMA 4',NULL,26,34,6,'2022-11-05 01:48:22','Beckinsall',10),('emoreland6h','SMA 12',NULL,31,28,65,'2022-11-06 13:02:32','Beran',5),('eparysownacg','SMA 20',NULL,32,14,62,'2022-11-06 15:56:15','McClurg',4),('epauleit7r','SMA 25',NULL,88,68,5,'2022-11-06 20:18:17','Wilfing',7),('epodd14','SMP 16',NULL,96,55,21,'2022-11-06 13:27:08','Ayrs',8),('erankcomc6','SMA 13',NULL,10,44,14,'2022-11-06 10:26:47','Ofield',9),('eruddifortha0','SMA 7',NULL,17,7,21,'2022-11-06 12:02:42','Winter',17),('eshillinglaw9j','SMP 16',NULL,83,86,92,'2022-11-06 09:14:55','Owlner',5),('espanton48','SMA 3',NULL,65,82,54,'2022-11-05 23:14:43','Hendonson',13),('espriginby','SMA 25',NULL,44,40,49,'2022-11-06 15:07:11','Steely',4),('everty2x','SMA 11',NULL,52,92,41,'2022-11-06 02:47:37','Llewellin',9),('fbenger61','SMA 19',NULL,72,51,94,'2022-11-05 20:26:52','Roof',13),('fbriers2g','SMA 23',NULL,70,32,39,'2022-11-05 15:57:47','Ledekker',16),('fbuckel35','SMP 25',NULL,31,91,89,'2022-11-05 06:58:45','Foker',14),('fcapstake3b','SMA 15',NULL,49,77,49,'2022-11-05 16:06:37','Bushell',6),('fcorbitta','SMA 16',NULL,18,19,74,'2022-11-05 20:10:10','Fealey',15),('fdyment3i','SMA 12',NULL,77,10,45,'2022-11-06 06:58:03','Pietesch',6),('fflattau','SMA 3',NULL,37,86,32,'2022-11-05 23:25:51','Ettery',1),('ffolkard65','SMA 20',NULL,43,21,97,'2022-11-06 15:11:00','Drescher',11),('fgoggey1b','SMA 9',NULL,51,93,66,'2022-11-05 01:58:49','Guidera',3),('fmonaghan3c','SMA 13',NULL,3,45,50,'2022-11-05 19:38:27','Louca',19),('fnice8f','SMA 10',NULL,54,29,15,'2022-11-06 17:53:49','Cringle',9),('fpallaske6o','SMA 7',NULL,73,15,91,'2022-11-05 13:48:33','Lembcke',7),('fstaves3v','SMA 24',NULL,45,12,11,'2022-11-06 01:36:36','Lain',20),('fwilliam7c','SMP 6',NULL,69,62,89,'2022-11-05 03:31:31','Goodhand',5),('fyateman2d','SMA 16',NULL,16,41,43,'2022-11-05 03:37:44','Anfosso',13),('gassante2f','SMA 18',NULL,88,74,41,'2022-11-06 17:12:41','Broggio',7),('gbartolomucci8v','SMA 13',NULL,64,52,52,'2022-11-05 21:11:41','Reddie',14),('gbelitz3u','SMA 3',NULL,79,30,89,'2022-11-05 05:24:32','Lindstedt',10),('gblatherwick1y','SMA 19',NULL,60,14,64,'2022-11-05 01:57:53','Ubach',19),('gconnechie24','SMP 7',NULL,11,73,62,'2022-11-06 21:44:02','Master',9),('gcosgrive5h','SMP 14',NULL,94,4,28,'2022-11-05 13:56:40','Freegard',13),('gdinisco7j','SMA 13',NULL,53,32,3,'2022-11-06 15:20:31','Raddenbury',14),('gfeaveer2b','SMP 22',NULL,22,95,67,'2022-11-05 16:29:37','Brodeur',6),('gfergie4n','SMP 13',NULL,37,62,6,'2022-11-06 11:38:39','Caulder',14),('gflorisbo','SMP 7',NULL,47,93,25,'2022-11-06 00:37:33','Loftie',1),('ggavrieli5w','SMA 23',NULL,89,25,1,'2022-11-06 17:03:57','O\'Rowane',15),('ggoosey6l','SMP 5',NULL,97,91,15,'2022-11-06 18:35:20','Stickels',7),('ggroomeca','SMA 21',NULL,92,87,56,'2022-11-05 18:21:27','Grimwood',1),('ghemphall70','SMA 22',NULL,32,13,42,'2022-11-06 19:12:13','Hallet',8),('ghubbard7d','SMA 3',NULL,79,1,18,'2022-11-06 17:11:32','Woakes',4),('ghyland2l','SMP 10',NULL,100,43,44,'2022-11-05 17:58:17','Heasman',12),('givancevic6j','SMA 7',NULL,41,92,95,'2022-11-06 23:03:07','Di Ruggiero',18),('gjagiello1p','SMA 20',NULL,52,10,95,'2022-11-06 00:56:05','Sharvell',17),('gjanasb9','SMA 10',NULL,83,4,81,'2022-11-05 16:53:08','Thirwell',13),('gjellicoar','SMP 1',NULL,94,66,75,'2022-11-05 21:26:33','Chevolleau',1),('gkirkbrightal','SMA 5',NULL,46,44,96,'2022-11-06 09:44:35','Bretherick',10),('gkivlin7s','SMA 11',NULL,75,86,22,'2022-11-06 13:06:00','Chazelas',9),('glocknerbd','SMA 4',NULL,99,91,3,'2022-11-06 11:38:30','Franchi',10),('gmalmarq','SMP 16',NULL,97,28,85,'2022-11-06 18:13:32','Van der Linde',13),('gmccane1i','SMA 24',NULL,76,78,31,'2022-11-06 22:16:03','Gasnell',6),('gmcilheran6c','SMA 1',NULL,15,36,25,'2022-11-05 15:22:27','Fieller',2),('gollivierat','SMA 24',NULL,17,10,59,'2022-11-05 01:24:35','Stubs',1),('gpetasch5q','SMP 3',NULL,85,27,98,'2022-11-06 15:13:24','Heale',9),('gpicknettm','SMA 24',NULL,66,73,96,'2022-11-06 08:54:23','Curgenven',7),('gquiney6y','SMA 18',NULL,63,10,53,'2022-11-05 14:00:41','Sunshine',6),('gsieghart87','SMA 6',NULL,66,57,23,'2022-11-05 02:07:29','Brown',15),('gsouthard47','SMA 19',NULL,46,75,81,'2022-11-05 12:19:48','Gerasch',11),('gstrasse5z','SMA 11',NULL,1,90,12,'2022-11-06 01:32:32','Murrhaupt',5),('hcowherd3t','SMA 7',NULL,13,1,3,'2022-11-05 04:17:20','Ponceford',11),('hdanielovitchap','SMA 22',NULL,89,31,71,'2022-11-05 14:59:27','L\'Hommeau',7),('hfleetham1d','SMP 9',NULL,57,13,12,'2022-11-05 20:41:22','Camillo',6),('hhasson1h','SMP 25',NULL,59,42,36,'2022-11-05 08:45:10','Weal',13),('hniemetz4s','SMP 4',NULL,4,98,19,'2022-11-06 08:30:56','Colum',19),('hperfili73','SMP 4',NULL,20,34,36,'2022-11-05 01:47:42','Hassent',10),('hvondrasek3l','SMP 25',NULL,99,17,2,'2022-11-06 18:47:17','Iozefovich',7),('hwatford9g','SMA 21',NULL,25,33,34,'2022-11-05 16:49:40','Mollnar',16),('ialbert19','SMA 16',NULL,49,49,6,'2022-11-05 15:28:45','Brisley',14),('ibeadles6r','SMP 20',NULL,29,17,49,'2022-11-06 07:59:17','Ashelford',19),('icoventon4m','SMA 14',NULL,57,50,51,'2022-11-05 17:55:39','Witter',5),('idolohunty8o','SMA 16',NULL,70,22,39,'2022-11-06 09:50:05','Palk',1),('ieretto','SMP 1',NULL,87,77,6,'2022-11-05 00:37:33','Dreghorn',4),('ifrisby5e','SMP 15',NULL,59,82,17,'2022-11-05 18:36:39','Jeannaud',14),('ifruchon81','SMA 21',NULL,99,3,32,'2022-11-05 16:19:07','Brookes',13),('igoodbournbi','SMA 6',NULL,12,68,47,'2022-11-06 18:57:27','Noweak',8),('iguerri43','SMA 17',NULL,5,63,23,'2022-11-06 18:01:36','Bauduin',17),('ihedger9o','SMA 10',NULL,9,73,97,'2022-11-05 05:01:20','Learmonth',19),('ihulks52','SMA 10',NULL,70,29,24,'2022-11-05 19:41:59','Matiebe',18),('iluchelli6d','SMA 24',NULL,11,74,97,'2022-11-05 00:44:13','Thaim',6),('imarriagea2','SMA 18',NULL,72,25,70,'2022-11-05 15:44:46','Sawdy',6),('imotta5','SMA 24',NULL,27,9,71,'2022-11-05 10:06:31','Bunce',2),('irigney9u','SMA 3',NULL,66,7,52,'2022-11-06 11:25:26','Strasse',1),('irozzell86','SMA 6',NULL,57,70,54,'2022-11-06 12:49:21','Carefull',7),('isemechik68','SMA 24',NULL,59,46,17,'2022-11-05 19:17:56','Brokenshaw',16),('jandrelli6q','SMA 3',NULL,2,24,18,'2022-11-06 23:53:33','Laroux',8),('jbastowcb','SMP 23',NULL,61,97,39,'2022-11-05 11:23:17','Rockhall',20),('jbeavonc0','SMA 18',NULL,38,46,8,'2022-11-05 03:05:23','Cufflin',18),('jbernli6i','SMP 24',NULL,98,73,45,'2022-11-06 10:44:01','McCullagh',17),('jcastano2o','SMA 6',NULL,90,91,87,'2022-11-06 18:06:25','Groucutt',13),('jclunan37','SMA 16',NULL,94,89,21,'2022-11-06 21:35:43','Godfray',3),('jdimmackaj','SMA 12',NULL,27,29,57,'2022-11-06 04:02:22','Bourdas',10),('jdirran','SMA 16',NULL,61,11,89,'2022-11-05 13:58:29','Hingeley',16),('jduckitt63','SMA 17',NULL,1,35,100,'2022-11-05 16:58:37','Brunon',7),('jgreeraa','SMP 9',NULL,61,34,58,'2022-11-06 08:31:56','Schubuser',16),('jjoinsonbu','SMA 19',NULL,21,48,39,'2022-11-06 07:42:02','Fursland',16),('jjuggins6u','SMA 14',NULL,62,23,42,'2022-11-05 04:00:21','Grills',19),('jkenneway4j','SMA 15',NULL,83,79,5,'2022-11-05 15:26:42','Farmiloe',14),('jmacknockiter1z','SMA 22',NULL,41,19,80,'2022-11-06 20:06:07','Kalinsky',3),('jmaggiori8d','SMP 2',NULL,72,17,22,'2022-11-06 01:50:37','Leal',11),('jmeanwell4','SMA 21',NULL,38,5,15,'2022-11-06 01:09:59','Cawte',7),('jocarmody62','SMP 2',NULL,64,22,18,'2022-11-06 11:33:49','Concannon',16),('joldacres84','SMA 13',NULL,5,29,97,'2022-11-06 10:24:46','Toner',17),('jpiesing9t','SMA 2',NULL,81,90,24,'2022-11-06 05:53:01','MacFarlan',20),('jquinn3g','SMA 9',NULL,66,100,43,'2022-11-06 14:31:50','Rowth',3),('jreary7n','SMA 11',NULL,99,28,48,'2022-11-05 19:53:56','Olivia',6),('jtrumpera9','SMA 21',NULL,98,35,3,'2022-11-05 20:44:02','Rogan',6),('karlidgec7','SMP 24',NULL,52,60,1,'2022-11-06 12:07:26','Regitz',10),('kbertolaccini5s','SMA 24',NULL,45,67,84,'2022-11-05 21:50:17','Evenden',7),('kblanc1t','SMA 4',NULL,60,76,38,'2022-11-06 22:09:23','Matelaitis',7),('kcapps9e','SMP 18',NULL,3,99,91,'2022-11-05 01:55:45','Atwater',3),('kdocwra1m','SMA 5',NULL,31,27,99,'2022-11-05 01:53:22','Furlong',12),('kdoumerque9b','SMA 19',NULL,64,3,99,'2022-11-05 02:41:16','Plumm',8),('keastopea1','SMA 14',NULL,2,30,48,'2022-11-06 23:40:39','Exon',11),('keusdencc','SMA 18',NULL,71,25,90,'2022-11-06 16:01:57','Ives',3),('kgellett4p','SMA 18',NULL,24,59,78,'2022-11-06 09:23:14','Robertsen',20),('khallawella7','SMA 10',NULL,76,44,14,'2022-11-05 01:21:49','Weed',13),('kkolakovic8y','SMA 11',NULL,88,44,14,'2022-11-06 09:07:48','Meysham',14),('kleyden6b','SMP 7',NULL,22,83,65,'2022-11-06 11:06:59','Dytham',2),('kmagwood60','SMP 23',NULL,46,95,21,'2022-11-06 06:57:59','Jepp',11),('krudderham9k','SMA 9',NULL,94,8,88,'2022-11-06 17:41:16','Rizzello',13),('ksetterthwait5g','SMA 7',NULL,43,18,54,'2022-11-05 19:07:21','Blyth',1),('kwookey8g','SMP 19',NULL,67,83,45,'2022-11-06 20:56:33','Lyster',6),('laddams6v','SMA 10',NULL,70,50,87,'2022-11-05 06:11:10','McGinnell',2),('laim7i','SMA 21',NULL,96,21,48,'2022-11-06 04:54:19','Gilardone',16),('laldhous8t','SMA 23',NULL,76,19,85,'2022-11-06 17:03:45','Rens',19),('lasher1','SMP 24',NULL,57,12,17,'2022-11-05 23:00:16','Strevens',14),('lastyn','SMA 14',NULL,30,25,21,'2022-11-05 19:50:30','Kirsz',3),('lbaggarleyb5','SMA 18',NULL,2,88,20,'2022-11-06 17:48:38','Byram',1),('lbrimley9i','SMA 11',NULL,37,3,5,'2022-11-05 12:23:49','Emms',11),('ldorman3z','SMA 14',NULL,88,54,28,'2022-11-06 19:59:11','Craven',17),('ldrever3f','SMA 11',NULL,77,85,97,'2022-11-05 14:14:08','Edis',16),('lgoodings4q','SMA 19',NULL,82,97,93,'2022-11-06 02:49:43','Rockall',19),('lhankins2v','SMA 20',NULL,67,2,45,'2022-11-05 13:11:14','Yong',4),('lkittow7k','SMA 11',NULL,29,82,93,'2022-11-05 19:08:08','Legan',7),('llumley1g','SMA 10',NULL,53,1,96,'2022-11-06 08:27:24','Cisco',5),('lmarlinc9','SMA 22',NULL,29,59,70,'2022-11-06 12:20:34','Louedey',18),('lmilkin54','SMA 25',NULL,49,13,90,'2022-11-06 02:54:33','Kix',7),('lpacht8m','SMA 21',NULL,21,7,34,'2022-11-06 07:55:07','Edgeworth',19),('lpibornbg','SMA 20',NULL,42,83,30,'2022-11-05 18:33:30','Death',10),('lspellecy13','SMA 6',NULL,41,69,99,'2022-11-06 06:37:03','Spragg',8),('lthorsen50','SMA 6',NULL,79,59,81,'2022-11-05 07:29:29','Spieck',20),('ltroy9m','SMA 25',NULL,13,13,8,'2022-11-06 22:10:23','Fountian',12),('lvarrow5k','SMP 9',NULL,87,79,9,'2022-11-05 06:04:23','Broddle',17),('makers3r','SMA 13',NULL,36,45,12,'2022-11-06 21:59:33','Fydoe',16),('malton6g','SMA 10',NULL,29,44,14,'2022-11-05 21:00:04','Croshaw',5),('massender3e','SMA 10',NULL,60,59,76,'2022-11-06 03:15:06','Annand',17),('mbarts8q','SMA 19',NULL,15,20,6,'2022-11-06 10:46:48','Birrel',6),('mbenning32','SMA 1',NULL,90,37,65,'2022-11-06 20:44:51','Danby',3),('mblaney49','SMA 19',NULL,7,34,2,'2022-11-05 00:37:25','Fontes',18),('mbortoletti2e','SMA 11',NULL,5,64,57,'2022-11-05 06:11:56','Warlock',9),('mbradie56','SMA 20',NULL,14,8,65,'2022-11-05 18:38:25','Gaskins',6),('mbridge2h','SMA 12',NULL,77,80,46,'2022-11-06 03:19:04','Barnwell',19),('mbrumwell76','SMA 21',NULL,7,70,99,'2022-11-06 16:49:32','Yurkin',1),('mcopcotth','SMA 5',NULL,12,52,36,'2022-11-05 13:51:10','Witton',11),('mcripps9q','SMA 25',NULL,19,79,72,'2022-11-06 19:46:21','Waterdrinker',19),('mdibb8r','SMA 18',NULL,26,13,91,'2022-11-06 23:44:05','Montel',8),('mdingle15','SMA 13',NULL,92,3,10,'2022-11-06 21:58:58','Gaule',10),('mdodgshun2a','SMA 14',NULL,2,68,77,'2022-11-06 02:45:00','Wackly',2),('mduddleb2','SMA 13',NULL,72,82,2,'2022-11-05 16:26:26','Denson',17),('mellerton7p','SMA 22',NULL,87,55,21,'2022-11-06 23:04:19','Hornbuckle',15),('merikssonas','SMA 20',NULL,57,20,87,'2022-11-06 20:49:21','Pfleger',18),('mevison2y','SMP 19',NULL,71,93,12,'2022-11-05 08:04:47','Ledward',1),('mfrushard3a','SMA 18',NULL,83,92,88,'2022-11-06 12:46:08','Strongitharm',16),('mgomar1k','SMA 12',NULL,53,64,100,'2022-11-06 17:50:28','Rochell',11),('mhanksah','SMP 24',NULL,42,81,92,'2022-11-06 23:54:36','Sawkins',16),('mhitzke80','SMA 16',NULL,51,50,1,'2022-11-06 23:46:50','Quilliam',20),('mkiledal5u','SMA 10',NULL,57,82,45,'2022-11-05 08:00:39','Gyse',2),('mkryszkiecicz85','SMA 20',NULL,28,77,91,'2022-11-05 09:44:23','O\'Sullivan',9),('mlancastleax','SMA 20',NULL,34,86,25,'2022-11-06 21:51:33','Goodie',3),('mlancett39','SMA 3',NULL,30,38,37,'2022-11-05 08:30:40','Chestnutt',4),('mlattimorep','SMA 17',NULL,90,84,20,'2022-11-05 11:29:48','McDermot',5),('mlauchlanc','SMA 15',NULL,10,25,94,'2022-11-05 18:00:29','McElwee',1),('mleadbitter7t','SMP 20',NULL,43,24,4,'2022-11-05 08:15:19','Ewert',2),('mlethby8w','SMA 13',NULL,74,62,83,'2022-11-06 02:02:27','O\'Codihie',9),('mlowde6','SMA 20',NULL,9,22,29,'2022-11-05 01:53:26','McLleese',16),('mmagson5p','SMA 11',NULL,49,73,72,'2022-11-06 17:53:50','Proger',4),('mmcquillan51','SMA 18',NULL,77,11,72,'2022-11-06 21:08:41','Marnes',19),('mmicheu2r','SMA 19',NULL,88,28,20,'2022-11-05 13:39:07','Tamsett',12),('mmound9v','SMA 23',NULL,6,84,19,'2022-11-05 12:53:20','Bourchier',11),('mocarney64','SMA 23',NULL,12,44,85,'2022-11-06 16:50:32','Thickett',14),('mpieterickbf','SMA 22',NULL,80,31,42,'2022-11-06 11:45:51','Udell',1),('msharplin8j','SMA 5',NULL,28,21,33,'2022-11-05 12:01:25','Moller',13),('msimonutti3m','SMA 4',NULL,55,87,4,'2022-11-05 12:43:51','Roskelley',20),('mskepper7q','SMA 22',NULL,87,56,45,'2022-11-06 22:48:45','Kimbrough',4),('msyer9y','SMA 14',NULL,70,59,56,'2022-11-05 06:01:23','Danovich',14),('mtebbothc3','SMA 18',NULL,16,83,52,'2022-11-06 03:13:49','Escalera',17),('mwipfler3d','SMP 7',NULL,100,56,31,'2022-11-05 00:08:35','Meikle',20),('myannonia3','SMA 10',NULL,50,2,26,'2022-11-05 10:22:48','Gerriessen',10),('naloigibj','SMP 2',NULL,80,40,24,'2022-11-06 22:35:22','Berceros',12),('ncritchellba','SMA 9',NULL,38,43,45,'2022-11-05 16:13:00','Brockest',17),('ndoudneyb7','SMP 1',NULL,100,10,93,'2022-11-05 05:51:28','Houchen',15),('nfigginsao','SMP 7',NULL,69,73,40,'2022-11-05 00:36:01','Priditt',17),('nlefrancai','SMP 7',NULL,69,25,46,'2022-11-05 17:01:59','Cheak',10),('nleopardbb','SMA 16',NULL,7,61,76,'2022-11-06 03:05:40','Rowney',14),('nmarke58','SMP 24',NULL,6,70,90,'2022-11-06 03:05:16','Estevez',19),('nmcquirter9d','SMA 2',NULL,95,93,27,'2022-11-06 17:39:24','Jakucewicz',12),('nsawkin7o','SMA 18',NULL,65,52,50,'2022-11-05 11:39:38','Gozard',16),('nspickett34','SMA 24',NULL,67,29,72,'2022-11-06 10:22:11','Fewster',19),('nwombwell6p','SMA 3',NULL,99,3,23,'2022-11-05 07:37:37','Dedmam',17),('odarycott45','SMA 9',NULL,100,58,74,'2022-11-06 11:42:27','Giorgioni',5),('odubber98','SMA 19',NULL,53,21,45,'2022-11-06 00:50:41','Godly',3),('oduddy5d','SMP 7',NULL,88,60,38,'2022-11-06 18:55:11','Robertz',16),('ogodwyn57','SMA 10',NULL,4,29,96,'2022-11-06 08:22:01','Waleran',5),('oliddicoat6e','SMA 10',NULL,9,96,37,'2022-11-06 23:42:04','Ducarne',9),('omcguirebr','SMA 2',NULL,26,4,99,'2022-11-05 23:58:14','Poyle',4),('opogosianav','SMA 6',NULL,93,19,36,'2022-11-05 11:48:06','Winslow',1),('ostreather5y','SMA 25',NULL,19,20,30,'2022-11-06 19:03:25','Jermin',5),('pantalffy1j','SMA 11',NULL,88,44,77,'2022-11-05 02:10:28','Lenoir',6),('pcasselybz','SMA 19',NULL,6,21,15,'2022-11-05 20:17:32','Quirke',10),('pdallewater7','SMP 3',NULL,92,11,78,'2022-11-06 17:40:09','Scamaden',5),('pdodman1q','SMA 10',NULL,1,36,38,'2022-11-05 19:23:49','Ragbourne',9),('plongfut1f','SMP 9',NULL,92,27,2,'2022-11-06 00:26:32','Brackpool',9),('plooks94','SMA 10',NULL,10,61,1,'2022-11-05 15:51:41','Paaso',6),('pmaccaffrey9s','SMA 17',NULL,12,75,9,'2022-11-05 04:11:01','Guise',15),('ppercifer5b','SMA 9',NULL,68,26,89,'2022-11-05 06:44:53','Dobell',13),('ppinnigaraw','SMA 10',NULL,77,18,67,'2022-11-05 15:44:36','O\'Mullally',12),('ptimminsb1','SMA 12',NULL,27,18,99,'2022-11-05 04:50:59','Colbourn',13),('pvallerc4','SMA 19',NULL,72,9,52,'2022-11-06 13:12:59','Robart',6),('rabsolon33','SMP 4',NULL,98,49,42,'2022-11-05 00:08:43','Gorvin',2),('rbausmann8s','SMA 13',NULL,57,14,45,'2022-11-06 07:46:07','Aizik',8),('rbeardwood1n','SMA 20',NULL,35,91,40,'2022-11-05 02:59:10','Fountian',3),('rbrindley8p','SMA 24',NULL,81,69,93,'2022-11-06 04:37:57','Early',5),('rcaselyz','SMP 18',NULL,100,79,77,'2022-11-05 02:33:02','Gibbs',1),('rdahlback1c','SMP 14',NULL,50,89,83,'2022-11-06 16:16:18','Jain',12),('rdanilovic2u','SMA 6',NULL,93,61,48,'2022-11-05 07:09:48','Guite',16),('rdibb8a','SMA 10',NULL,13,14,47,'2022-11-05 00:06:04','Taw',17),('redgaraf','SMA 19',NULL,100,32,54,'2022-11-05 03:32:34','Brunini',18),('rfrill96','SMP 16',NULL,25,88,52,'2022-11-06 23:52:57','Chansonne',16),('rgascoignebw','SMA 22',NULL,85,88,62,'2022-11-06 15:06:53','Scemp',2),('rgendricke31','SMA 18',NULL,40,12,27,'2022-11-05 13:38:47','Vanyashin',6),('rgladbachch','SMP 22',NULL,72,54,90,'2022-11-06 07:01:03','Espinha',20),('rkamiyama4v','SMA 9',NULL,84,2,76,'2022-11-06 08:41:49','Hoodless',11),('rkunzw','SMA 17',NULL,96,88,45,'2022-11-06 14:25:50','Garbar',9),('rluckcock4t','SMP 18',NULL,54,80,26,'2022-11-05 05:17:14','Bloxland',4),('rmcramsey7f','SMP 16',NULL,84,14,8,'2022-11-05 15:42:28','Poter',15),('rnilgesbs','SMP 12',NULL,71,95,36,'2022-11-05 10:16:49','O\'Dowgaine',14),('rodempseybt','SMA 18',NULL,8,18,39,'2022-11-05 05:42:19','Spinage',7),('rpeeke4d','SMA 10',NULL,36,29,30,'2022-11-06 12:05:35','Enright',9),('rpydcock8e','SMA 5',NULL,60,67,81,'2022-11-05 18:19:51','Torfin',18),('rrichardsson59','SMP 12',NULL,28,22,65,'2022-11-05 07:40:45','Gosalvez',2),('rscudders4f','SMA 4',NULL,29,93,93,'2022-11-05 19:50:48','Lundbeck',15),('rthurgood5v','SMA 18',NULL,66,27,3,'2022-11-05 19:27:09','Watkinson',19),('rvarnam4b','SMA 13',NULL,93,63,29,'2022-11-05 08:31:05','Renny',17),('rwisker2w','SMP 23',NULL,57,18,17,'2022-11-06 22:39:44','Berndt',2),('sanfossi8i','SMA 16',NULL,62,94,40,'2022-11-05 08:03:31','Gratrix',4),('sblackborne91','SMA 24',NULL,91,80,90,'2022-11-06 03:56:07','McTerlagh',12),('sblanqued','SMA 2',NULL,31,11,3,'2022-11-05 16:34:41','Pipet',5),('sbris67','SMA 2',NULL,22,73,80,'2022-11-05 07:28:41','Durkin',3),('sbromley4x','SMA 11',NULL,16,60,6,'2022-11-05 21:41:02','Terren',18),('sbrounfield9z','SMA 3',NULL,63,38,10,'2022-11-06 04:09:26','Stangoe',7),('scallicott5t','SMA 9',NULL,19,40,17,'2022-11-05 00:07:28','Jalland',12),('scucuzza2q','SMA 2',NULL,76,57,4,'2022-11-06 23:19:51','Broscombe',3),('scyseley8l','SMP 24',NULL,20,67,89,'2022-11-05 07:01:07','Kimble',4),('sdresse28','SMP 9',NULL,41,47,81,'2022-11-05 17:47:52','Gogerty',3),('sdunsmore92','SMA 2',NULL,89,34,72,'2022-11-05 13:46:01','Pendrigh',14),('sestickad','SMA 10',NULL,78,74,94,'2022-11-06 07:05:31','Tunuy',7),('sflintoff6z','SMA 14',NULL,25,31,42,'2022-11-05 14:57:17','Ogilvie',12),('sfrancom17','SMA 12',NULL,13,47,54,'2022-11-06 14:51:33','Godthaab',19),('sgrote7g','SMP 2',NULL,11,76,82,'2022-11-06 11:15:33','Syratt',1),('sholliganac','SMA 19',NULL,8,50,13,'2022-11-06 00:03:03','Booty',15),('sjanowicz78','SMA 19',NULL,76,7,87,'2022-11-05 10:43:18','Cookney',2),('slysaghtab','SMA 10',NULL,21,92,93,'2022-11-06 16:21:31','Hoston',17),('smaccard7l','SMA 10',NULL,33,73,30,'2022-11-06 07:36:02','Kitchingham',12),('smactrustie3j','SMA 11',NULL,27,28,92,'2022-11-06 19:47:57','Dict',5),('smccambrois3n','SMA 11',NULL,15,24,31,'2022-11-05 01:29:31','Mushrow',9),('smichelle5m','SMP 23',NULL,27,61,46,'2022-11-05 18:02:50','Botly',20),('smougelag','SMA 15',NULL,11,49,43,'2022-11-05 03:36:29','MacAiline',2),('srearie9n','SMP 12',NULL,18,78,66,'2022-11-06 03:14:10','Wonfar',3),('ssemorad5l','SMA 21',NULL,90,5,64,'2022-11-06 21:54:24','Taffrey',1),('ssiburn25','SMA 4',NULL,61,43,2,'2022-11-06 22:10:25','Gasken',16),('sstanaway3w','SMA 23',NULL,6,53,60,'2022-11-06 16:31:10','Bagby',9),('stheze2m','SMP 3',NULL,24,88,98,'2022-11-06 18:12:33','Caseborne',9),('sthorneyworkbm','SMA 19',NULL,30,57,88,'2022-11-06 00:13:50','Coggins',20),('svandevelde2','SMP 2',NULL,75,75,84,'2022-11-05 13:32:51','Mayhew',12),('swimms3q','SMA 9',NULL,18,76,86,'2022-11-05 12:37:58','Paradyce',9),('tadds9w','SMA 24',NULL,10,1,30,'2022-11-06 06:01:50','Attwool',2),('tadiscot7b','SMA 13',NULL,85,38,64,'2022-11-05 07:35:52','Danneil',20),('tarberak','SMA 25',NULL,32,99,48,'2022-11-05 21:12:19','Cockshot',2),('tboldersonbn','SMA 25',NULL,33,59,24,'2022-11-06 10:42:02','Hartzenberg',13),('tcoggins2t','SMP 8',NULL,44,17,69,'2022-11-05 19:21:57','Hoyte',11),('tcussins26','SMA 1',NULL,89,57,45,'2022-11-05 17:22:14','Campkin',11),('tdebenham3','SMA 3',NULL,16,98,96,'2022-11-05 19:32:09','Eggleson',8),('tdowbigginbl','SMP 6',NULL,99,62,6,'2022-11-05 02:48:12','Goldsby',13),('telegood1e','SMA 7',NULL,57,3,45,'2022-11-05 07:10:15','Salzen',6),('tfeaster0','SMA 20',NULL,28,7,15,'2022-11-06 14:17:40','Broke',2),('tfink3h','SMA 25',NULL,27,69,98,'2022-11-06 11:28:16','Chatenet',3),('theifer3o','SMA 13',NULL,37,38,97,'2022-11-05 10:32:20','Pay',18),('tjaneway10','SMA 21',NULL,89,66,36,'2022-11-05 23:22:02','Greally',4),('tkeppel7u','SMA 15',NULL,54,12,78,'2022-11-05 20:09:30','Edgars',18),('tlambertz9','SMA 10',NULL,23,20,34,'2022-11-05 23:49:59','Ogus',5),('tlecornu3s','SMA 23',NULL,42,54,49,'2022-11-06 17:17:51','Paxforde',2),('tlightowler4i','SMA 25',NULL,99,37,53,'2022-11-06 14:10:29','Shaw',16),('tpauluzziam','SMA 24',NULL,61,52,43,'2022-11-05 19:30:47','Danelet',3),('tpiercey9f','SMA 24',NULL,47,83,41,'2022-11-06 21:03:59','Weymont',9),('trevel5n','SMA 1',NULL,30,67,40,'2022-11-05 05:38:47','Oddie',1),('tserfatik','SMA 4',NULL,48,38,80,'2022-11-05 08:57:36','Rentenbeck',2),('tshilstone4o','SMA 14',NULL,98,55,84,'2022-11-05 10:51:36','Lebrun',5),('ttweedie79','SMP 19',NULL,36,7,33,'2022-11-05 19:48:33','Musto',12),('tweatherley4u','SMA 24',NULL,96,95,29,'2022-11-05 18:05:43','Dadds',19),('ufrangello69','SMA 3',NULL,39,36,51,'2022-11-05 21:24:42','Claye',1),('umitteny','SMA 14',NULL,46,94,1,'2022-11-05 20:38:17','Clouston',4),('uvannucciniibq','SMA 14',NULL,39,42,26,'2022-11-05 09:03:49','Clorley',18),('uwoollaston8c','SMP 7',NULL,66,11,18,'2022-11-06 09:06:06','Folomin',6),('vcawthorn8','SMP 23',NULL,69,3,50,'2022-11-06 10:41:36','Antonignetti',6),('vcuskery11','SMA 15',NULL,75,90,2,'2022-11-05 23:56:08','Ducker',19),('vdetoile46','SMA 25',NULL,91,43,91,'2022-11-05 20:21:46','Puckham',7),('vllewhellin44','SMA 23',NULL,2,81,87,'2022-11-05 09:09:41','Woodison',17),('vmoxon5c','SMA 2',NULL,47,91,54,'2022-11-06 19:30:27','Boame',11),('vturnerf','SMA 24',NULL,82,40,21,'2022-11-06 19:16:56','Newstead',8),('wabrahamit','SMA 11',NULL,79,85,34,'2022-11-06 13:00:45','Cluet',15),('wblakese','SMA 24',NULL,21,88,61,'2022-11-05 15:06:36','Halford',3),('wblees16','SMP 10',NULL,63,45,3,'2022-11-06 09:46:38','Rosewall',11),('wbowlesworth7y','SMP 2',NULL,89,47,89,'2022-11-05 17:38:24','Chazelas',17),('wburgnebc','SMP 4',NULL,13,12,61,'2022-11-05 20:18:07','Egger',4),('wcolwill42','SMA 16',NULL,24,57,63,'2022-11-05 20:54:26','Gadie',12),('wdarwen6m','SMA 19',NULL,12,48,44,'2022-11-06 05:46:39','Qualtrough',10),('wdeetch1r','SMA 12',NULL,26,99,54,'2022-11-05 01:33:08','Coggen',2),('wduffilc5','SMA 3',NULL,43,66,99,'2022-11-05 21:17:28','Wix',4),('wgregorowicz6x','SMA 22',NULL,9,100,6,'2022-11-05 06:16:15','Mair',4),('wjenman2p','SMA 12',NULL,55,32,5,'2022-11-06 10:12:26','Waplington',2),('wmcclurecf','SMA 10',NULL,2,30,52,'2022-11-05 18:52:08','Lockwood',17),('wruddoch72','SMP 8',NULL,12,77,8,'2022-11-05 17:23:08','Rushforth',2),('wschwier2s','SMA 12',NULL,63,29,46,'2022-11-05 21:13:11','Frackiewicz',19),('wthundercliffe5a','SMA 13',NULL,77,4,58,'2022-11-06 01:41:30','Sagg',11),('ypulleraz','SMA 4',NULL,86,27,97,'2022-11-05 15:14:45','Hazeman',15),('zeversfieldi','SMA 22',NULL,43,67,52,'2022-11-06 03:03:48','Matz',8);
/*!40000 ALTER TABLE `student` ENABLE KEYS */;
UNLOCK TABLES;

--
-- Table structure for table `teacher`
--

DROP TABLE IF EXISTS `teacher`;
/*!40101 SET @saved_cs_client     = @@character_set_client */;
/*!50503 SET character_set_client = utf8mb4 */;
CREATE TABLE `teacher` (
  `Username` varchar(20) NOT NULL,
  `School` varchar(20) NOT NULL,
  PRIMARY KEY (`Username`),
  CONSTRAINT `Username_Teacher` FOREIGN KEY (`Username`) REFERENCES `user` (`Username`)
) ENGINE=InnoDB DEFAULT CHARSET=utf8mb4 COLLATE=utf8mb4_0900_ai_ci;
/*!40101 SET character_set_client = @saved_cs_client */;

--
-- Dumping data for table `teacher`
--

LOCK TABLES `teacher` WRITE;
/*!40000 ALTER TABLE `teacher` DISABLE KEYS */;
INSERT INTO `teacher` VALUES ('aboswoodk','SMA 18'),('acharti','SMA 22'),('aferrarin40','SMP 23'),('ahutcheon31','SMP 2'),('akaemena1q','SMA 24'),('alargent7','SMA 21'),('alevee3x','SMP 9'),('amathe27','SMP 6'),('anaire2s','SMP 12'),('apennacci44','SMP 16'),('apordalm','SMA 18'),('araye28','SMP 20'),('ashoreson2e','SMP 16'),('awalsh16','SMA 24'),('babley9','SMA 6'),('bbaddeley2v','SMP 25'),('belleray34','SMP 6'),('bgainforth1j','SMA 25'),('bgilcriest2r','SMP 2'),('bgracey2a','SMP 3'),('bhaseley2c','SMP 25'),('bkleynermans1p','SMA 1'),('bkybertc','SMA 13'),('bmillar1x','SMA 16'),('bnancarrow36','SMP 5'),('bpetzolt5','SMA 21'),('bquigg30','SMP 6'),('brounsefell17','SMA 19'),('bshorto3k','SMP 20'),('bweafer15','SMA 18'),('cbartelsellis3f','SMP 7'),('cbrockhouse2t','SMP 3'),('charvie1d','SMA 19'),('chearleq','SMA 17'),('cjeenes13','SMA 12'),('cjenner1m','SMA 14'),('ckochla','SMA 7'),('coleszczak1o','SMA 14'),('cpaskerfulv','SMA 20'),('cpfeffel38','SMP 22'),('cporteous3z','SMP 14'),('crawsthorne2x','SMP 13'),('cthomerson2w','SMP 7'),('dbraunroth2l','SMP 7'),('dkivits41','SMP 4'),('dmaccosto1t','SMA 25'),('dregler10','SMA 23'),('dscatcharde','SMA 10'),('dsproston8','SMA 11'),('dvipan3c','SMP 15'),('dwallenger3i','SMP 24'),('eadamovitz1s','SMA 16'),('ecreelman3q','SMP 20'),('eleggettg','SMA 11'),('esatterfitt25','SMP 10'),('eshaul3','SMA 20'),('fjaskowiczt','SMA 2'),('fkeneford3y','SMP 6'),('fmishow1y','SMA 2'),('gcargonf','SMA 12'),('gcomrie2z','SMP 10'),('gkorneichuk1g','SMA 16'),('glangcaster23','SMA 10'),('gmalyan42','SMP 8'),('gpetrushankoz','SMA 9'),('gpulfordw','SMA 24'),('hcolliber3v','SMP 7'),('hhanbury45','SMP 19'),('hlisciandro2g','SMP 21'),('hmeirj','SMA 10'),('hschenkel3o','SMP 18'),('hwarin1z','SMA 24'),('izorzenoniu','SMA 11'),('jbeazey3n','SMP 22'),('jellesworth2b','SMP 14'),('jgerardin3w','SMP 21'),('jwartonr','SMA 13'),('kashborne1r','SMA 18'),('kcoldman3m','SMP 18'),('kdavidovichs','SMA 4'),('khuggan43','SMP 1'),('klamondb','SMA 6'),('kmacaloren1u','SMA 9'),('kzuponeo','SMA 4'),('lalti3t','SMP 23'),('lbarkawayn','SMA 10'),('ldewing2u','SMP 23'),('ldyott1w','SMA 24'),('lflanigan2','SMA 19'),('lgrellier24','SMA 10'),('lgrigoli4','SMA 22'),('llatham2d','SMP 7'),('lleadbeatter11','SMA 24'),('llillee2h','SMP 7'),('lminearp','SMA 11'),('lmourantx','SMA 3'),('lseligson2i','SMP 18'),('lvagg2y','SMP 25'),('lventomh','SMA 13'),('lwiltsher2f','SMP 3'),('marnely20','SMA 23'),('mbrinson3r','SMP 19'),('mdarycott1i','SMA 19'),('mimos2p','SMP 24'),('mknox2q','SMP 9'),('mmalpas32','SMP 9'),('mnewlove1l','SMA 21'),('moronan37','SMP 24'),('mreediey','SMA 16'),('mreside3d','SMP 23'),('msamarth26','SMP 24'),('mshilston3p','SMP 24'),('mtattoo2k','SMP 2'),('nhartridge18','SMA 17'),('npirrone1n','SMA 14'),('owafer1k','SMA 3'),('pbonifant2m','SMP 9'),('phinrichsen1b','SMA 14'),('ploadman3l','SMP 22'),('pmoyler39','SMP 22'),('pshaxby1','SMA 11'),('qdorro1h','SMA 15'),('rattenburrow1f','SMA 20'),('rchaffe12','SMA 5'),('rdenyer3j','SMP 12'),('rhaugg1e','SMA 12'),('rllewelly1c','SMA 20'),('rovery2j','SMP 7'),('rspinke0','SMA 5'),('rstpierre3e','SMP 24'),('rthorowgood2n','SMP 20'),('rvillaret3s','SMP 7'),('scluley3b','SMP 7'),('sgilgryst1a','SMA 25'),('sgrigolli14','SMA 19'),('sitzkovitch3a','SMP 9'),('smaynell3h','SMP 5'),('smounfield29','SMP 10'),('spleasaunce33','SMP 2'),('spridmore35','SMP 24'),('sseilerl','SMA 2'),('stapley3g','SMP 16'),('tcaccavale2o','SMP 4'),('tcarney6','SMA 15'),('tlamplugh1v','SMA 10'),('tmacinnes19','SMA 7'),('vsenter21','SMA 7'),('wchevis22','SMA 3'),('xpestelld','SMA 3'),('zglas3u','SMP 25');
/*!40000 ALTER TABLE `teacher` ENABLE KEYS */;
UNLOCK TABLES;

--
-- Table structure for table `user`
--

DROP TABLE IF EXISTS `user`;
/*!40101 SET @saved_cs_client     = @@character_set_client */;
/*!50503 SET character_set_client = utf8mb4 */;
CREATE TABLE `user` (
  `Username` varchar(20) NOT NULL,
  `Name` varchar(45) NOT NULL,
  `Gender` varchar(10) NOT NULL,
  `Email` varchar(45) NOT NULL,
  `Phone_Number` bigint NOT NULL,
  `Country` varchar(45) NOT NULL,
  `Role` varchar(10) NOT NULL,
  PRIMARY KEY (`Username`)
) ENGINE=InnoDB DEFAULT CHARSET=utf8mb4 COLLATE=utf8mb4_0900_ai_ci;
/*!40101 SET character_set_client = @saved_cs_client */;

--
-- Dumping data for table `user`
--

LOCK TABLES `user` WRITE;
/*!40000 ALTER TABLE `user` DISABLE KEYS */;
INSERT INTO `user` VALUES ('aalsop2k','Nestor Creebo','Male','ncreebo21@admin.ch',6289145893886,'Indonesia','student'),('abellows1o','Max Stobie','Female','mstobie7h@lulu.com',6282844101982,'Indonesia','student'),('abilbrook2n','Chloette Spellesy','Female','cspellesyca@purevolume.com',6282288586423,'Indonesia','student'),('aboswoodk','Rhona Ruvel','Female','rruveld2@hc360.com',6288029930740,'Indonesia','teacher'),('acharti','Welsh Stretton','Male','wstrettond0@census.gov',6288502589085,'Indonesia','teacher'),('acornfoot4f','Clara Peret','Female','cperetgx@phpbb.com',6283717208660,'Indonesia','parent'),('acowans7m','Filbert Woodsford','Male','fwoodsford1x@jigsy.com',6281205535538,'Indonesia','student'),('acromwell9h','Jonie Binnie','Female','jbinnie5a@people.com.cn',6289964301462,'Indonesia','student'),('acuxon6s','James Hise','Male','jhise83@tripadvisor.com',6288943437389,'Indonesia','student'),('adacombe5v','Moe Pocknell','Male','mpocknellid@upenn.edu',6285109003102,'Indonesia','parent'),('adaunaya6','Gilberte Persence','Female','gpersence3l@europa.eu',6287614762521,'Indonesia','student'),('adilke5r','Maryl Castana','Female','mcastana6u@fema.gov',6285333712156,'Indonesia','student'),('adolby8n','Kati Jorry','Female','kjorry2e@guardian.co.uk',6288301085016,'Indonesia','student'),('aduffieldg','Anya Denyukin','Female','adenyukin87@reddit.com',6284902997427,'Indonesia','student'),('adumpleton9c','Lemuel Corson','Male','lcorson16@vistaprint.com',6287843187359,'Indonesia','student'),('aduncklee4z','Mayer Tabbernor','Male','mtabbernorhh@miitbeian.gov.cn',6282522496949,'Indonesia','parent'),('aeagers7v','Junie Le Fevre','Female','jlec5@wisc.edu',6282676084682,'Indonesia','student'),('aeglington3x','Ewen Escoffier','Male','eescoffier3g@slashdot.org',6287819411690,'Indonesia','student'),('aferrarin40','Thorsten Jeyes','Male','tjeyesgi@epa.gov',6283047860567,'Indonesia','teacher'),('afussell3y','Tamra Concannon','Female','tconcannon5u@123-reg.co.uk',6285553678148,'Indonesia','student'),('agibbins65','Benjamin Rist','Male','bristin@harvard.edu',6281493747632,'Indonesia','parent'),('agrabbam74','Scotti Hackinge','Male','shackinge42@discovery.com',6286621596993,'Indonesia','student'),('agussie78','Eloise Thomelin','Female','ethomelinjq@wix.com',6285469002296,'Indonesia','parent'),('aharness53','Virgil Menere','Male','vmenerehl@webeden.co.uk',6289965715140,'Indonesia','parent'),('ahutcheon31','Leonie Fozard','Female','lfozardfj@answers.com',6282145563099,'Indonesia','teacher'),('akaemena1q','Colver Dearan','Male','cdearane8@mail.ru',6282519375878,'Indonesia','teacher'),('akase99','Killian Righy','Male','krighym@stumbleupon.com',6289009120723,'Indonesia','student'),('akenton8h','Kyle Clementel','Male','kclementel2s@umn.edu',6286854655793,'Indonesia','student'),('akleehuhler7w','Ardra Giacoboni','Female','agiacoboni7s@delicious.com',6285992278694,'Indonesia','student'),('akopmann5d','Megan Elliff','Female','melliffhv@cnet.com',6282402756742,'Indonesia','parent'),('alargent7','Kahaleel Buffey','Male','kbuffeycp@springer.com',6289088259969,'Indonesia','teacher'),('alevee3x','Jeff Tenaunt','Male','jtenauntgf@moonfruit.com',6289943000164,'Indonesia','teacher'),('amanes5o','Edith Struttman','Female','estruttman30@tuttocitta.it',6283616987490,'Indonesia','student'),('amathe27','Mair O\'Sheils','Female','mosheilsep@amazon.co.jp',6289596539280,'Indonesia','teacher'),('amerring20','Whitney Shearn','Male','wshearn12@amazon.co.uk',6284166233847,'Indonesia','student'),('amortimer7m','Whittaker Roly','Male','wrolyk4@cpanel.net',6281856192146,'Indonesia','parent'),('amulvaney4h','Vivien Sargint','Female','vsargint15@desdev.cn',6287601330723,'Indonesia','student'),('amurieb','Denny Galloway','Female','dgallowayu@cnet.com',6283675608248,'Indonesia','student'),('amurrock8x','Ber Butten','Male','bbutten95@discuz.net',6283618910016,'Indonesia','student'),('anaire2s','Sandro Sheals','Male','sshealsfa@cornell.edu',6288643559159,'Indonesia','teacher'),('anewham12','Kathie Cann','Female','kcann4z@people.com.cn',6281283036430,'Indonesia','student'),('aovitts7t','Shannen Burdin','Female','sburdinkb@xinhuanet.com',6289401010529,'Indonesia','parent'),('apennacci44','Jared Cicero','Male','jcicerogm@vkontakte.ru',6284144960597,'Indonesia','teacher'),('apordalm','Windham Van Arsdall','Male','wvand4@tripadvisor.com',6284358417219,'Indonesia','teacher'),('araye28','Rice Biswell','Male','rbiswelleq@gizmodo.com',6283447130194,'Indonesia','teacher'),('aridoutt6a','Rodolph Yearn','Male','ryearn3@globo.com',6282093786939,'Indonesia','student'),('asaill27','Glory Flay','Female','gflayal@webs.com',6288853175777,'Indonesia','student'),('asanto75','Jere Laurentino','Female','jlaurentino8@xrea.com',6285751479391,'Indonesia','student'),('asarsonsbx','Farley Gettone','Male','fgettoneat@tripadvisor.com',6285487805627,'Indonesia','student'),('ashoreson2e','Eugenius Braunfeld','Male','ebraunfeldew@slashdot.org',6287601494596,'Indonesia','teacher'),('astapleford7z','Salomi O\'Sharkey','Female','sosharkey8g@gizmodo.com',6286785916928,'Indonesia','student'),('asymondson90','Seward Iacovino','Male','siacovinoak@mtv.com',6289319850190,'Indonesia','student'),('atulip8u','Rianon Pharrow','Female','rpharrow4o@cloudflare.com',6288563050387,'Indonesia','student'),('awalsh16','Riccardo Ashling','Male','rashlingdo@about.me',6282023438239,'Indonesia','teacher'),('awincebp','Jeramey Abrahamowitcz','Male','jabrahamowitcz2p@tinypic.com',6282787036899,'Indonesia','student'),('awolfer29','Palm Lownsbrough','Male','plownsbrough2x@cargocollective.com',6284744501191,'Indonesia','student'),('azebedee36','Dory Utting','Female','duttingc2@imdb.com',6288427014577,'Indonesia','student'),('babley9','Del Fisher','Female','dfishercr@imageshack.us',6289412397228,'Indonesia','teacher'),('baireton66','Gnni Naul','Female','gnaul74@amazon.de',6289104167391,'Indonesia','student'),('bbaddeley2v','Maria Astlett','Female','mastlettfd@bandcamp.com',6287741077129,'Indonesia','teacher'),('bbroadhurst7z','Lew Brokenshaw','Male','lbrokenshawkh@yelp.com',6288203814948,'Indonesia','parent'),('bbrodest6t','Renata Nevison','Female','rnevison3e@noaa.gov',6286875471338,'Indonesia','student'),('bdoldon1s','Pincas Donalson','Male','pdonalsone@hao123.com',6283499116604,'Indonesia','student'),('belleray34','Eugenius Emanuele','Male','eemanuelefm@i2i.jp',6281159169214,'Indonesia','teacher'),('bfrantzen22','Hernando Gumn','Male','hgumn79@flavors.me',6288857277222,'Indonesia','student'),('bgainforth1j','Kit Caldeyroux','Male','kcaldeyrouxe1@ask.com',6287785365428,'Indonesia','teacher'),('bgilcriest2r','Carmel Divell','Female','cdivellf9@sphinn.com',6289922317091,'Indonesia','teacher'),('bgoodered1l','Frederick Slucock','Male','fslucock8i@pcworld.com',6283995618005,'Indonesia','student'),('bgracey2a','Ollie Rayworth','Male','orayworthes@wisc.edu',6283559237812,'Indonesia','teacher'),('bgrenter48','Kakalina Morforth','Female','kmorforthgq@bloglines.com',6286634527528,'Indonesia','parent'),('bguerola6w','Hilda Kibbe','Female','hkibbe44@purevolume.com',6282249542757,'Indonesia','student'),('bgunthorp50','Rasla Laba','Female','rlabahi@dailymail.co.uk',6283988604514,'Indonesia','parent'),('bhammatt46','Farlee Loisi','Male','floisigo@wunderground.com',6286791389573,'Indonesia','parent'),('bhaseley2c','Blythe Vorley','Female','bvorleyeu@house.gov',6289063735658,'Indonesia','teacher'),('biacovaccio7h','Nonna Geillier','Female','ngeillier2a@desdev.cn',6281635511415,'Indonesia','student'),('bibel1w','Althea Zum Felde','Female','azum2u@businessinsider.com',6281022488258,'Indonesia','student'),('bjoiris5z','Lew Pimer','Male','lpimerih@ameblo.jp',6289512341674,'Indonesia','parent'),('bkleynermans1p','Guido Goodson','Male','ggoodsone7@ocn.ne.jp',6283023911333,'Indonesia','teacher'),('bkybertc','Carie Jancso','Female','cjancsocu@mashable.com',6283322827315,'Indonesia','teacher'),('blavis77','Tobit Tether','Male','ttethera@ted.com',6285894234684,'Indonesia','student'),('blawee6f','Rollin Korneichuk','Male','rkorneichuk11@yahoo.co.jp',6285037776663,'Indonesia','student'),('blembcke40','Rees Albutt','Male','ralbutt7g@globo.com',6289828745040,'Indonesia','student'),('bloble5','Jobie McLorinan','Female','jmclorinan91@com.com',6281333775353,'Indonesia','student'),('bmactrustam5a','Elena Madle','Female','emadlehs@facebook.com',6283833498464,'Indonesia','parent'),('bmcavin5h','Tristam Janout','Male','tjanouthz@alexa.com',6289823431177,'Indonesia','parent'),('bmccloy3k','Ludovika Beiderbecke','Female','lbeiderbeckebj@vimeo.com',6282118436802,'Indonesia','student'),('bmea8b','Angelita Putson','Female','aputsonba@cmu.edu',6286167483563,'Indonesia','student'),('bmillar1x','Padraig Weakley','Male','pweakleyef@over-blog.com',6284519515316,'Indonesia','teacher'),('bnancarrow36','Lisette Yemm','Female','lyemmfo@uiuc.edu',6286101709587,'Indonesia','teacher'),('bnotman5p','Valentine Alvey','Female','valveyi7@unesco.org',6288793749865,'Indonesia','parent'),('bnovkovic5i','Erena Wyant','Female','ewyant8d@army.mil',6284686924332,'Indonesia','student'),('bpapenae','Courtnay Pauletto','Female','cpauletto6q@wunderground.com',6289689800450,'Indonesia','student'),('bpetzolt5','Haydon Tunny','Male','htunnycn@baidu.com',6285709923760,'Indonesia','teacher'),('bpischof1x','Nathanial Hurlin','Male','nhurlina3@wikispaces.com',6286107240579,'Indonesia','student'),('bpurkisc1','Clemmie Goodredge','Female','cgoodredge37@usa.gov',6287968025745,'Indonesia','student'),('bquigg30','Cherey Dioniso','Female','cdionisofi@zdnet.com',6282033395070,'Indonesia','teacher'),('brounsefell17','Arly Mealand','Female','amealanddp@cdbaby.com',6283513193103,'Indonesia','teacher'),('bscipsey7o','Cherida Ingleson','Female','cinglesonk6@noaa.gov',6285001691006,'Indonesia','parent'),('bshorto3k','Vernor Janisson','Male','vjanissong2@posterous.com',6286946704635,'Indonesia','teacher'),('bskelding72','Humberto Rocks','Male','hrocksjk@sun.com',6283623421886,'Indonesia','parent'),('bskittrell2i','Meggy Straughan','Female','mstraughan17@amazon.com',6287089010905,'Indonesia','student'),('bstraker9r','Kermy Stockdale','Male','kstockdale8l@behance.net',6286276062005,'Indonesia','student'),('bstronghill77','Benedikt Patesel','Male','bpateseljp@fema.gov',6281324782812,'Indonesia','parent'),('btorrisi62','Merle Corn','Female','mcornik@webmd.com',6289583525830,'Indonesia','parent'),('bweafer15','Bartholomeo Denisovo','Male','bdenisovodn@eventbrite.com',6288214126019,'Indonesia','teacher'),('byakobowitch5f','Kittie Gransden','Female','kgransden90@spiegel.de',6286502102668,'Indonesia','student'),('byashunin2j','Theresina Velte','Female','tvelte9y@google.cn',6283055760295,'Indonesia','student'),('cauchterlony21','Gwenore Tweddell','Female','gtweddell7i@baidu.com',6286391763992,'Indonesia','student'),('cbartelsellis3f','Ferne Fullegar','Female','ffullegarfx@cmu.edu',6289279275399,'Indonesia','teacher'),('cbastard8b','Erika Popple','Female','epopplekt@webnode.com',6284268846897,'Indonesia','parent'),('cbernard5x','Pepi Bartleman','Female','pbartleman50@google.com.hk',6284234527085,'Indonesia','student'),('cborland23','Chrysa Lown','Female','clown6m@adobe.com',6283415224629,'Indonesia','student'),('cbrockhouse2t','Rowen Wicken','Male','rwickenfb@diigo.com',6286104823424,'Indonesia','teacher'),('ccardo7w','Fairleigh Melville','Male','fmelvilleke@scribd.com',6281639417909,'Indonesia','parent'),('ccollcutt66','Wilton Quene','Male','wqueneio@biblegateway.com',6285661151569,'Indonesia','parent'),('cconachie5m','Nathan Le Huquet','Male','nlei4@tuttocitta.it',6284128622984,'Indonesia','parent'),('cedmans38','Euell Dyers','Male','edyersx@1und1.de',6288629786678,'Indonesia','student'),('cerratt9p','Rickard Losseljong','Male','rlosseljong1h@cyberchimps.com',6288375141312,'Indonesia','student'),('cferrandb8','Sigismundo Dougal','Male','sdougal3y@cnn.com',6284928317200,'Indonesia','student'),('cgeldeard6b','Jo-anne Margarson','Female','jmargarsonit@t-online.de',6284854853568,'Indonesia','parent'),('cgeorgotcd','Philippine Seilmann','Female','pseilmannbz@macromedia.com',6284253012160,'Indonesia','student'),('chadleigh18','Graeme Durek','Male','gdurekbi@about.me',6289951671783,'Indonesia','student'),('charvie1d','Prent Schoolcroft','Male','pschoolcroftdv@xrea.com',6289621389318,'Indonesia','teacher'),('chearleq','Glenine Withnall','Female','gwithnalld8@histats.com',6285279604329,'Indonesia','teacher'),('cherkesss','Jasmina Berntsson','Female','jberntsson70@census.gov',6283477924239,'Indonesia','student'),('cjeenes13','Delly Hawler','Female','dhawlerdl@github.io',6288189783252,'Indonesia','teacher'),('cjenner1m','Cullin Kippen','Male','ckippene4@phoca.cz',6285965281231,'Indonesia','teacher'),('cjurgenson4s','Ezra Guise','Male','eguiseha@cargocollective.com',6286692622164,'Indonesia','parent'),('ckelson4e','Irvine Sarfati','Male','isarfati99@tripadvisor.com',6287975804439,'Indonesia','student'),('ckochla','Bernice Loidl','Female','bloidlcs@networksolutions.com',6281068728221,'Indonesia','teacher'),('ckralev','Barnabe Whinney','Male','bwhinney1y@woothemes.com',6281095364703,'Indonesia','student'),('clamborne4l','Daron Stidworthy','Female','dstidworthy3m@weather.com',6282266779880,'Indonesia','student'),('cleek6h','Jaime Dumberrill','Male','jdumberrilliz@ask.com',6284428616451,'Indonesia','parent'),('cleggateb6','Jarrid Oakenfall','Male','joakenfallbb@symantec.com',6288808007563,'Indonesia','student'),('clhommeau7e','Nathanial Dryden','Male','ndryden67@gnu.org',6283462740742,'Indonesia','student'),('clittlemorel','Wade Kees','Male','wkees6l@omniture.com',6288127852286,'Indonesia','student'),('cmartineau4g','Jaine Blower','Female','jblower2y@imageshack.us',6281955889994,'Indonesia','student'),('cmartinek5j','Ally Sclater','Female','asclateraj@twitpic.com',6288029847283,'Indonesia','student'),('cmartinello52','Tamarra Powley','Female','tpowleyhk@blogger.com',6284202018270,'Indonesia','parent'),('cmccarroll9a','Marlon Ferrillo','Male','mferrillo94@latimes.com',6283519810569,'Indonesia','student'),('cmenchentonb4','Kristy Dobbison','Female','kdobbisona8@indiatimes.com',6283937403071,'Indonesia','student'),('cmobley6n','Clarette Culross','Female','cculrossag@hibu.com',6288679893475,'Indonesia','student'),('cnewlove82','Eugenie Garvie','Female','egarviekk@opensource.org',6281218311882,'Indonesia','parent'),('coleszczak1o','Holly Leader','Male','hleadere6@studiopress.com',6286419018922,'Indonesia','teacher'),('coloshkin2z','Wilma Hitter','Female','whitterl@barnesandnoble.com',6289873529411,'Indonesia','student'),('cpaskerfulv','Brooks Dumbleton','Female','bdumbletondd@ucoz.com',6287144104718,'Indonesia','teacher'),('cpfeffel38','Boniface Handling','Male','bhandlingfq@psu.edu',6282831640538,'Indonesia','teacher'),('cpitford95','Sharlene Valens-Smith','Female','svalenssmith9o@webs.com',6284582857846,'Indonesia','student'),('cporteous3z','Josee Domek','Female','jdomekgh@nba.com',6289802310271,'Indonesia','teacher'),('cramseyce','Kittie Strathern','Female','kstrathernav@admin.ch',6282997539442,'Indonesia','student'),('crawsthorne2x','Hedi Braune','Female','hbrauneff@wikimedia.org',6289624940755,'Indonesia','teacher'),('crickerby4y','Cullan Travers','Male','ctraversbs@biglobe.ne.jp',6286371919314,'Indonesia','student'),('criedigerj','Brander Defont','Male','bdefont36@bluehost.com',6285064072982,'Indonesia','student'),('cscorrer97','Wenona Spiniello','Female','wspiniello2i@state.gov',6282147540796,'Indonesia','student'),('csiverns4r','Samantha Speakman','Female','sspeakmanb2@ox.ac.uk',6281414449263,'Indonesia','student'),('cskoulingaq','Lauri Cristea','Female','lcristea3q@wikispaces.com',6286139693395,'Indonesia','student'),('csmeath41','Hazel Mummery','Female','hmummerycf@csmonitor.com',6285108408042,'Indonesia','student'),('cspinigeb3','Eloise Mulran','Female','emulran85@senate.gov',6289273061488,'Indonesia','student'),('ctessier8z','Kalindi Sandwich','Female','ksandwichae@icq.com',6285861307469,'Indonesia','student'),('cthomerson2w','Friederike Farnin','Female','ffarninfe@abc.net.au',6281775979356,'Indonesia','teacher'),('cthomessonbh','Huey Triebner','Male','htriebner4d@patch.com',6282652604544,'Indonesia','student'),('cthroughtonbv','Benni Leggitt','Female','bleggitt7m@nyu.edu',6283136475866,'Indonesia','student'),('ctrimmell9x','Emily Admans','Female','eadmansc9@sciencedaily.com',6284361294682,'Indonesia','student'),('ctrustrie82','Deanna Lys','Female','dlys7l@networksolutions.com',6282032801219,'Indonesia','student'),('cwatton7b','Nicolas Cawthorne','Male','ncawthornejt@artisteer.com',6286909106520,'Indonesia','parent'),('cwilce7x','Tabor Pointing','Male','tpointing1m@prnewswire.com',6289882854331,'Indonesia','student'),('cygo7a','Didi Vile','Female','dvilejs@free.fr',6283812427580,'Indonesia','parent'),('dallbones5j','Kary Mariot','Female','kmarioti1@last.fm',6283846942530,'Indonesia','parent'),('dbartolomivis83','Rosaleen Lambricht','Female','rlambricht2v@arstechnica.com',6289484686394,'Indonesia','student'),('dbennoe4c','Michaelina Eacott','Female','meacottcb@ebay.com',6286665624258,'Indonesia','student'),('dbolzmann4z','Aurelia Clynmans','Female','aclynmans1c@twitter.com',6284885147356,'Indonesia','student'),('dbottom4a','Alfonso Dusey','Male','adusey4k@phpbb.com',6289398955031,'Indonesia','student'),('dbraunroth2l','Edward Baulch','Male','ebaulchf3@123-reg.co.uk',6289777925172,'Indonesia','teacher'),('dchevalier75','Lucas Volet','Male','lvoletjn@linkedin.com',6287675937509,'Indonesia','parent'),('dcoke53','Smitty Lavarack','Male','slavarack18@sphinn.com',6284704001677,'Indonesia','student'),('ddanson2c','Herb Baxster','Male','hbaxster38@state.tx.us',6283628094855,'Indonesia','student'),('ddransfield88','Morganne Cradick','Female','mcradick52@hexun.com',6284574077658,'Indonesia','student'),('dfalcka4','Prent Alesin','Male','palesin47@timesonline.co.uk',6289719765515,'Indonesia','student'),('dfiney4c','Dyanna Cursey','Female','dcurseygu@businessweek.com',6287268305656,'Indonesia','parent'),('dguilaemr','Prudence Tesimon','Female','ptesimon1d@google.pl',6281604587548,'Indonesia','student'),('dharefoot7a','Tanya Bagnell','Female','tbagnellp@squidoo.com',6282029232983,'Indonesia','student'),('dhenkeu','Theresita Balderson','Female','tbalderson5m@oakley.com',6286873658910,'Indonesia','student'),('dimlacke89','Lannie Robel','Male','lrobel5x@earthlink.net',6288918853028,'Indonesia','student'),('dkearfordbk','Perl Clemintoni','Female','pclemintonia2@unblog.fr',6288068469895,'Indonesia','student'),('dkivits41','Esta Lowe','Female','elowegj@wikia.com',6284132149356,'Indonesia','teacher'),('dlaskey6k','Gwenny Brankley','Female','gbrankley9n@opensource.org',6288948500206,'Indonesia','student'),('dlee9l','Charmine Bark','Female','cbark3b@ed.gov',6283783749394,'Indonesia','student'),('dmaccosto1t','Kristy Gavrieli','Female','kgavrielieb@hhs.gov',6288722907907,'Indonesia','teacher'),('dmarenay','Lauritz Camock','Male','lcamock5q@slashdot.org',6283177584369,'Indonesia','student'),('dmaskell87','Eadith Dyneley','Female','edyneleykp@sciencedaily.com',6287961879693,'Indonesia','parent'),('dperrotc8','Lyndsie Gilks','Female','lgilks66@sciencedaily.com',6285212560081,'Indonesia','student'),('dregler10','Malissa Capponeer','Female','mcapponeerdi@uol.com.br',6286984777512,'Indonesia','teacher'),('dscatcharde','Dannel Tatum','Male','dtatumcw@youtube.com',6286404243766,'Indonesia','teacher'),('dsellner4k','Chrisy McGoon','Male','cmcgoon9a@microsoft.com',6285393233184,'Indonesia','student'),('dsimionescu7n','Vivien Liddiatt','Female','vliddiattk5@go.com',6285841274600,'Indonesia','parent'),('dsproston8','Rivalee Neubigin','Female','rneubigincq@cnn.com',6284163423595,'Indonesia','teacher'),('dstrangerbe','Yorker Olexa','Male','yolexa9i@wikia.com',6284913761657,'Indonesia','student'),('dstrangwoodx','Anselm Fist','Male','afista1@economist.com',6287905685119,'Indonesia','student'),('dverea8','Marian Quogan','Female','mquoganbh@omniture.com',6288356450606,'Indonesia','student'),('dvipan3c','Rutter Szwandt','Male','rszwandtfu@rakuten.co.jp',6283369601524,'Indonesia','teacher'),('dwallenger3i','Kort Moggach','Male','kmoggachg0@soup.io',6287054006818,'Indonesia','teacher'),('dwinchester1v','Zebulon MacKim','Male','zmackimbd@ftc.gov',6284826564877,'Indonesia','student'),('dworsterc2','Scarface Clayden','Male','sclayden25@illinois.edu',6285217007847,'Indonesia','student'),('eacors3p','Marquita Naulty','Female','mnaulty82@cpanel.net',6289732856220,'Indonesia','student'),('eadamovitz1s','Adriana Milnthorpe','Female','amilnthorpeea@canalblog.com',6285028238563,'Indonesia','teacher'),('eambrosoli30','Annnora Triggle','Female','atriggle4n@about.me',6286986402390,'Indonesia','student'),('ebeathem4w','Denny Ferrone','Female','dferrone5@goodreads.com',6287988604586,'Indonesia','student'),('ecalan71','Barbabra Geelan','Female','bgeelan6b@constantcontact.com',6288865269592,'Indonesia','student'),('ecasaccia7g','Bald Swindells','Male','bswindellsjy@cisco.com',6285196631242,'Indonesia','parent'),('ecolpus6v','Rodrick Parlor','Male','rparlorjd@wikia.com',6288949363040,'Indonesia','parent'),('ecreelman3q','Nona Rice','Female','nriceg8@163.com',6285464727023,'Indonesia','teacher'),('efalck8k','Judie Scriviner','Female','jscriviner4a@soundcloud.com',6284304843280,'Indonesia','student'),('efebry4k','Alejandro Senyard','Male','asenyardh2@berkeley.edu',6281671235583,'Indonesia','parent'),('efiddyment1u','Celle Stear','Female','cstearb8@baidu.com',6287808474703,'Indonesia','student'),('egatch55','Dominic Wickett','Male','dwickett3h@liveinternet.ru',6283947545146,'Indonesia','student'),('eleggettg','Osbourne Jenoure','Male','ojenourecy@opera.com',6283135216235,'Indonesia','teacher'),('elomisb0','Millard Berthomier','Male','mberthomier19@pcworld.com',6288607483865,'Indonesia','student'),('emarler93','Therine Anstis','Female','tanstis7z@pinterest.com',6288834660009,'Indonesia','student'),('emcsporrin1a','Fonsie Healks','Male','fhealkss@newyorker.com',6286445353192,'Indonesia','student'),('emoreland6h','Murray Brinded','Male','mbrinded7t@slashdot.org',6283269376871,'Indonesia','student'),('eparysownacg','Carlie Yarrell','Female','cyarrell1f@angelfire.com',6289367136872,'Indonesia','student'),('epauleit7r','Murielle Baggelley','Female','mbaggelley1j@usnews.com',6281885837004,'Indonesia','student'),('epodd14','William Hanigan','Male','whaniganbp@uol.com.br',6284545940232,'Indonesia','student'),('erankcomc6','Delbert Bartrap','Male','dbartrapc@examiner.com',6289887710274,'Indonesia','student'),('eruddifortha0','Penn Gervaise','Male','pgervaise5j@dailymail.co.uk',6289964825060,'Indonesia','student'),('esatterfitt25','Thain Hillan','Male','thillanen@nationalgeographic.com',6287911183764,'Indonesia','teacher'),('eshaul3','Pinchas Feirn','Male','pfeirncl@cnn.com',6284796344952,'Indonesia','teacher'),('eshillinglaw9j','Cary Ferreo','Male','cferreobu@slate.com',6281314198571,'Indonesia','student'),('espanton48','Sanford Pember','Male','spember3p@rakuten.co.jp',6287587299302,'Indonesia','student'),('espriginby','Carroll Preshous','Male','cpreshous63@angelfire.com',6286507446863,'Indonesia','student'),('everty2x','Antoine Kermitt','Male','akermitt4b@yahoo.co.jp',6285361309377,'Indonesia','student'),('fbenger61','Ozzy Saker','Male','osaker3i@histats.com',6289583528876,'Indonesia','student'),('fbraisby6w','Verne Vidyapin','Male','vvidyapinje@ustream.tv',6281938830924,'Indonesia','parent'),('fbriers2g','Caitrin Pappi','Female','cpappi45@stumbleupon.com',6286752093912,'Indonesia','student'),('fbuckel35','Artemis Lockley','Male','alockley9x@sfgate.com',6289298776282,'Indonesia','student'),('fcapstake3b','Nikolia Rastrick','Female','nrastrick5r@devhub.com',6284811453868,'Indonesia','student'),('fcheine4x','Lizbeth Prazor','Female','lprazorhf@intel.com',6284181016235,'Indonesia','parent'),('fcorbitta','Dela Salsbury','Female','dsalsbury1s@bloomberg.com',6288485177924,'Indonesia','student'),('fcrohan7d','Patrizius McTerry','Male','pmcterryjv@nasa.gov',6281244527316,'Indonesia','parent'),('fdanis51','Jennie Mitkov','Female','jmitkovhj@webnode.com',6283552796417,'Indonesia','parent'),('fdyment3i','Cammi Blamey','Female','cblamey1e@rakuten.co.jp',6288538279651,'Indonesia','student'),('fflattau','Lynette Goldsberry','Female','lgoldsberry1k@wunderground.com',6288092743036,'Indonesia','student'),('ffolkard65','Filippo Corradino','Male','fcorradino7r@craigslist.org',6289096008575,'Indonesia','student'),('fgoggey1b','Boy Erskin','Male','berskin3z@vimeo.com',6287527624262,'Indonesia','student'),('fgrizard67','Claudio Jannequin','Male','cjannequinip@intel.com',6285879061576,'Indonesia','parent'),('fjaskowiczt','Felipa Booth-Jarvis','Female','fboothjarvisdb@ibm.com',6282058738070,'Indonesia','teacher'),('fkeneford3y','Enos Presho','Male','epreshogg@pinterest.com',6289691132494,'Indonesia','teacher'),('fmishow1y','Nils Ingall','Male','ningalleg@reuters.com',6288266913629,'Indonesia','teacher'),('fmonaghan3c','Curtice Stuckley','Male','cstuckley2h@github.com',6286908906786,'Indonesia','student'),('fnice8f','Ferris Goadbie','Male','fgoadbie6y@ted.com',6283989021036,'Indonesia','student'),('fpallaske6o','Isidoro Chedzoy','Male','ichedzoy6p@epa.gov',6287022328729,'Indonesia','student'),('fruckhard76','Mitzi Kauschke','Female','mkauschkejo@microsoft.com',6283841398387,'Indonesia','parent'),('fsamarth59','Ian Verrico','Male','iverricohr@youtube.com',6288556489007,'Indonesia','parent'),('fstaves3v','Ring Massot','Male','rmassot5g@spiegel.de',6287255740764,'Indonesia','student'),('fstirgess7h','Theodore Braunter','Male','tbraunterjz@theguardian.com',6284153099517,'Indonesia','parent'),('fwilliam7c','Tore Boddis','Male','tboddisap@acquirethisname.com',6283044705673,'Indonesia','student'),('fyateman2d','Leonidas Hardbattle','Male','lhardbattle8c@nymag.com',6284405322287,'Indonesia','student'),('gassante2f','Sari Spurrier','Female','sspurrier3a@cnbc.com',6282364505342,'Indonesia','student'),('gbartolomucci8v','Blakeley Yashnov','Female','byashnovh@theguardian.com',6282706760720,'Indonesia','student'),('gbelitz3u','Kathleen Cunniam','Female','kcunniam9h@yelp.com',6285278233247,'Indonesia','student'),('gblatherwick1y','Sayers Ronayne','Male','sronayne27@webeden.co.uk',6283161451820,'Indonesia','student'),('gcargonf','Purcell Upcott','Male','pupcottcx@php.net',6281423992907,'Indonesia','teacher'),('gcomrie2z','Kaiser Dutteridge','Male','kdutteridgefh@cocolog-nifty.com',6282585732846,'Indonesia','teacher'),('gconnechie24','Traver Hampton','Male','thamptonc7@usatoday.com',6283543602062,'Indonesia','student'),('gcosgrive5h','Barnabe MacNally','Male','bmacnallybk@blogspot.com',6283873565964,'Indonesia','student'),('gdavidzon4i','Kelvin Marian','Male','kmarianh0@whitehouse.gov',6287786196236,'Indonesia','parent'),('gdinisco7j','Homer Kulver','Male','hkulver2w@slideshare.net',6288508140051,'Indonesia','student'),('gdorsay4n','Tracey Baverstock','Female','tbaverstockh5@phoca.cz',6281357104099,'Indonesia','parent'),('gfeaveer2b','Taylor Seleway','Male','tselewayau@devhub.com',6283279889830,'Indonesia','student'),('gfergie4n','Keir Cleynman','Male','kcleynmanai@bloomberg.com',6282115198849,'Indonesia','student'),('gflorisbo','Devan Blackster','Female','dblacksterah@github.com',6287164926602,'Indonesia','student'),('ggavrieli5w','Dag Venturoli','Male','dventuroli10@blog.com',6282854485855,'Indonesia','student'),('ggoosey6l','Doria Fritschel','Female','dfritschelar@slideshare.net',6284333226765,'Indonesia','student'),('ggroomeca','Nerta Sandom','Female','nsandom1l@mail.ru',6289049466344,'Indonesia','student'),('ggrunder5s','Humberto Eustice','Male','heusticeia@eepurl.com',6286852286675,'Indonesia','parent'),('ghemphall70','Jordon Gamon','Male','jgamoni@tmall.com',6288247775197,'Indonesia','student'),('ghubbard7d','Levy D\'Costa','Male','ldcosta22@reuters.com',6282188861773,'Indonesia','student'),('ghyland2l','Brewer Sheekey','Male','bsheekey9q@google.co.jp',6285494999937,'Indonesia','student'),('givancevic6j','Jocelin Bisiker','Female','jbisiker8u@state.tx.us',6285243854673,'Indonesia','student'),('gjagiello1p','Nola Damant','Female','ndamant7u@360.cn',6281403882485,'Indonesia','student'),('gjanasb9','Arlyne Weight','Female','aweight93@typepad.com',6286429967025,'Indonesia','student'),('gjellicoar','Lavinia Dybald','Female','ldybaldby@alexa.com',6283118796704,'Indonesia','student'),('gkiehne7v','Eilis Cauderlie','Female','ecauderliekd@unicef.org',6281975387204,'Indonesia','parent'),('gkirkbrightal','Norma Sworder','Female','nsworder8k@house.gov',6286072506119,'Indonesia','student'),('gkivlin7s','Rafi Andri','Male','randri6n@symantec.com',6286628391769,'Indonesia','student'),('gklausen88','Louis Candie','Male','lcandiekq@diigo.com',6284809207105,'Indonesia','parent'),('gkorneichuk1g','Torrin McRavey','Male','tmcraveydy@twitpic.com',6282346233387,'Indonesia','teacher'),('glangcaster23','Kristi Gregon','Female','kgregonel@miibeian.gov.cn',6282691152005,'Indonesia','teacher'),('glappine7x','Sonnie Wyldbore','Female','swyldborekf@chronoengine.com',6289504281810,'Indonesia','parent'),('glocknerbd','Bobbe Coolson','Female','bcoolson98@umich.edu',6282875122816,'Indonesia','student'),('gmalmarq','Christan Belchem','Female','cbelchem9z@goo.gl',6282376060177,'Indonesia','student'),('gmalyan42','Antonie McAlindon','Female','amcalindongk@networksolutions.com',6286278570921,'Indonesia','teacher'),('gmccane1i','Gilberto Hemstead','Male','ghemstead9g@yellowpages.com',6286474652643,'Indonesia','student'),('gmcilheran6c','Bil Toretta','Male','btoretta84@fema.gov',6286491447798,'Indonesia','student'),('gollivierat','Dixie Jiracek','Female','djiracek8b@usatoday.com',6288849351638,'Indonesia','student'),('gpetasch5q','Cazzie Ferriby','Male','cferriby9v@ft.com',6287466657063,'Indonesia','student'),('gpetrushankoz','Cinda Leer','Female','cleerdh@jimdo.com',6281022613100,'Indonesia','teacher'),('gpicknettm','Mikol Cake','Male','mcake1q@mail.ru',6288987140248,'Indonesia','student'),('gpopeley5c','Leta Hanscombe','Female','lhanscombehu@topsy.com',6287463028744,'Indonesia','parent'),('gpulfordw','Jonas Dommett','Male','jdommettde@usgs.gov',6284809110153,'Indonesia','teacher'),('gquiney6y','Willow Bramhill','Female','wbramhill5f@nps.gov',6288991387805,'Indonesia','student'),('grackham5i','Rheba Morbey','Female','rmorbeyi0@xing.com',6282118272603,'Indonesia','parent'),('gscuffham80','Trevar McGettrick','Male','tmcgettrickki@youtube.com',6283958059336,'Indonesia','parent'),('gshurlock6o','Aurelie Whipp','Female','awhippj6@qq.com',6281681403477,'Indonesia','parent'),('gsieghart87','Keane Armistead','Male','karmistead6o@omniture.com',6284573286791,'Indonesia','student'),('gsouthard47','Francois Dusey','Male','fdusey2@constantcontact.com',6286066992611,'Indonesia','student'),('gstrasse5z','Hill Riditch','Male','hriditch4i@mysql.com',6283154195776,'Indonesia','student'),('haaronson5t','Claudius Shawley','Male','cshawleyib@furl.net',6283037233063,'Indonesia','parent'),('hbranston4g','Ediva O\'Neil','Female','eoneilgy@twitter.com',6283592200234,'Indonesia','parent'),('hcolliber3v','Maitilde Teresi','Female','mteresigd@g.co',6282599674695,'Indonesia','teacher'),('hcowherd3t','Cora Pratt','Female','cpratt2f@woothemes.com',6283447022676,'Indonesia','student'),('hdanielovitchap','Mariam Bastistini','Female','mbastistini2n@csmonitor.com',6287577575726,'Indonesia','student'),('hdeclerc4b','Gianni Sloley','Male','gsloleygt@weibo.com',6284097685120,'Indonesia','parent'),('hfleetham1d','Christine Mc Trusty','Female','cmcab@odnoklassniki.ru',6284534537669,'Indonesia','student'),('hhanbury45','Leyla Dikelin','Female','ldikelingn@mapy.cz',6288398194095,'Indonesia','teacher'),('hhasson1h','Karlie Fitzsimmons','Female','kfitzsimmonsch@privacy.gov.au',6288768737819,'Indonesia','student'),('hliebermann4t','Mortimer Grindley','Male','mgrindleyhb@technorati.com',6284894357109,'Indonesia','parent'),('hlisciandro2g','Vikky Cable','Female','vcableey@seattletimes.com',6288003395781,'Indonesia','teacher'),('hmcquorkel5w','Devi Gilloran','Female','dgilloranie@jimdo.com',6282775160392,'Indonesia','parent'),('hmeirj','Melodee Cheng','Female','mchengd1@angelfire.com',6289799677266,'Indonesia','teacher'),('hnewstead4q','Lon Glasson','Male','lglassonh8@google.pl',6288646445898,'Indonesia','parent'),('hniemetz4s','Toby Phalip','Female','tphalipa9@liveinternet.ru',6286232272001,'Indonesia','student'),('hperfili73','Brander Mussard','Male','bmussardbr@hhs.gov',6285203876301,'Indonesia','student'),('hrubin5q','Wilie Lowensohn','Female','wlowensohni8@so-net.ne.jp',6281918562136,'Indonesia','parent'),('hschenkel3o','Maurine Cosgrive','Female','mcosgriveg6@toplist.cz',6288323107172,'Indonesia','teacher'),('hvondrasek3l','Sylvester Barstock','Male','sbarstockbf@dell.com',6287273610884,'Indonesia','student'),('hwarin1z','Linoel Skidmore','Male','lskidmoreeh@cam.ac.uk',6289167098783,'Indonesia','teacher'),('hwatford9g','Merilee Tomes','Female','mtomes8p@go.com',6286436640523,'Indonesia','student'),('hwestoff54','Gustavo Freeburn','Male','gfreeburnhm@desdev.cn',6285603936208,'Indonesia','parent'),('ialbert19','Krystalle Bellingham','Female','kbellingham3x@over-blog.com',6283503259452,'Indonesia','student'),('ibeadles6r','Eleanora Cooley','Female','ecooley9t@geocities.jp',6288448863510,'Indonesia','student'),('icoventon4m','Wyatt Casero','Male','wcasero7q@seesaa.net',6287626837085,'Indonesia','student'),('idash4h','Stanwood De Simone','Male','sdegz@theguardian.com',6288441945923,'Indonesia','parent'),('idolohunty8o','Heath Dawidman','Female','hdawidmany@springer.com',6282029239219,'Indonesia','student'),('ieretto','Avrom Delouch','Male','adelouchbo@sohu.com',6281699824809,'Indonesia','student'),('ifrisby5e','Didi Lake','Female','dlakeax@abc.net.au',6283033804643,'Indonesia','student'),('ifruchon81','Mead Merrifield','Male','mmerrifield4f@mozilla.com',6281811996950,'Indonesia','student'),('igoodbournbi','Catlin Graves','Female','cgraves8v@prlog.org',6289736211690,'Indonesia','student'),('iguerri43','Sheelagh Langstone','Female','slangstone75@sakura.ne.jp',6287275913052,'Indonesia','student'),('ihedger9o','Mandie Tricker','Female','mtricker6t@engadget.com',6289712230094,'Indonesia','student'),('ihulks52','Elsy Barby','Female','ebarby1v@go.com',6281733995492,'Indonesia','student'),('iluchelli6d','Livvie Macy','Female','lmacy9l@icio.us',6288352846109,'Indonesia','student'),('imarriagea2','Renie MacMeeking','Female','rmacmeeking4u@huffingtonpost.com',6287091367044,'Indonesia','student'),('imoon6c','Gretel Sayes','Female','gsayesiu@delicious.com',6285538515381,'Indonesia','parent'),('imotta5','Fredric Hargroves','Male','fhargroves8e@who.int',6284792745349,'Indonesia','student'),('irake4l','Brigitte Nutten','Female','bnuttenh3@auda.org.au',6288938381643,'Indonesia','parent'),('irigney9u','Geoffry Guiso','Male','gguiso6c@icio.us',6287334550474,'Indonesia','student'),('irozzell86','Tabbie Beel','Female','tbeel8t@geocities.jp',6288799607046,'Indonesia','student'),('isemechik68','Laraine Philippeaux','Female','lphilippeaux1z@macromedia.com',6284925967260,'Indonesia','student'),('iwinscomb6a','Avivah Hugo','Female','ahugois@vkontakte.ru',6289014610889,'Indonesia','parent'),('izorzenoniu','Bambi Wilcott','Female','bwilcottdc@bing.com',6281192342683,'Indonesia','teacher'),('jabella6f','Vidovic Belz','Male','vbelzix@wsj.com',6281229648670,'Indonesia','parent'),('jandrelli6q','Jessie Jockle','Male','jjockle57@reuters.com',6285538215928,'Indonesia','student'),('jbastowcb','Amalia Bottrill','Female','abottrillbe@comsenz.com',6285104492274,'Indonesia','student'),('jbeavonc0','Jacky Dunderdale','Male','jdunderdale7k@drupal.org',6288923984261,'Indonesia','student'),('jbeazey3n','Amaleta Frankcombe','Female','afrankcombeg5@yellowbook.com',6289748701394,'Indonesia','teacher'),('jbernli6i','Erma Woodsford','Female','ewoodsfordas@prweb.com',6284006371196,'Indonesia','student'),('jcastano2o','Nikki Cardiff','Male','ncardiffb@engadget.com',6284193192283,'Indonesia','student'),('jclunan37','Kinsley Symcox','Male','ksymcox7v@miibeian.gov.cn',6288829838491,'Indonesia','student'),('jdavidsohn6s','Koenraad Tatford','Male','ktatfordja@dmoz.org',6282834730486,'Indonesia','parent'),('jdimmackaj','Tandie Lorent','Female','tlorent5o@icq.com',6281529229607,'Indonesia','student'),('jdirran','Ozzie Hedges','Male','ohedges58@com.com',6289195774610,'Indonesia','student'),('jduckitt63','Banky Scobbie','Male','bscobbie3d@house.gov',6285053638753,'Indonesia','student'),('jellesworth2b','Dodi Macro','Female','dmacroet@shinystat.com',6289818256269,'Indonesia','teacher'),('jgerardin3w','Gerome Mariault','Male','gmariaultge@census.gov',6289797572348,'Indonesia','teacher'),('jgrebner61','Inglis Beaten','Male','ibeatenij@newyorker.com',6282939635625,'Indonesia','parent'),('jgreeraa','Arne Peschmann','Male','apeschmanncc@mit.edu',6282046495963,'Indonesia','student'),('jhabin6j','Glori Gristhwaite','Female','ggristhwaitej1@github.io',6287673398928,'Indonesia','parent'),('jjoinsonbu','Meaghan Keyser','Female','mkeyser7x@google.pl',6284203875959,'Indonesia','student'),('jjuggins6u','Rodger McVanamy','Male','rmcvanamy1o@dyndns.org',6289655673143,'Indonesia','student'),('jkenneway4j','Charmane Sedgeman','Female','csedgeman8q@wordpress.org',6286271454936,'Indonesia','student'),('jmacknockiter1z','Gothart Sanbrook','Male','gsanbrook29@squarespace.com',6289236620774,'Indonesia','student'),('jmaggiori8d','Mikaela Blockwell','Female','mblockwellao@auda.org.au',6284724069058,'Indonesia','student'),('jmeanwell4','Gerri Kaszper','Male','gkaszper6k@prnewswire.com',6289175518930,'Indonesia','student'),('jnance7i','Edwin Bresnahan','Male','ebresnahank0@geocities.jp',6283173191003,'Indonesia','parent'),('jocarmody62','Issi Fincken','Female','ifinckenc6@senate.gov',6288774145322,'Indonesia','student'),('joldacres84','Kipper Waind','Male','kwaind4m@smh.com.au',6285028529763,'Indonesia','student'),('jpiesing9t','Mart Turneux','Male','mturneux2q@timesonline.co.uk',6288293204628,'Indonesia','student'),('jquinn3g','Trip Boscher','Male','tboscher89@hp.com',6284948560104,'Indonesia','student'),('jreary7n','Freeland Langton','Male','flangton2d@army.mil',6286213891259,'Indonesia','student'),('jsennett7f','Cathee Westnage','Female','cwestnagejx@ihg.com',6288557011228,'Indonesia','parent'),('jtrumpera9','Viviene Sivior','Female','vsivior8r@skyrock.com',6289971841878,'Indonesia','student'),('jwartonr','Rayner Burgwyn','Male','rburgwynd9@parallels.com',6286649106573,'Indonesia','teacher'),('karlidgec7','Andrei Challener','Female','achallenerb3@businessweek.com',6283856580164,'Indonesia','student'),('kashborne1r','Lawton Duell','Male','lduelle9@shop-pro.jp',6289714289926,'Indonesia','teacher'),('kbartolomeoni7s','Lucita Gude','Female','lgudeka@wisc.edu',6281682872283,'Indonesia','parent'),('kbertolaccini5s','Adelheid Peevor','Female','apeevor60@ycombinator.com',6289366810295,'Indonesia','student'),('kblanc1t','Langsdon Dewing','Male','ldewingo@google.com',6288307962150,'Indonesia','student'),('kbouskill6l','Rorke Worgan','Male','rworganj3@yelp.com',6281521581431,'Indonesia','parent'),('kcapps9e','Eveleen MacAlinden','Female','emacalindenb9@trellian.com',6289326040762,'Indonesia','student'),('kcoldman3m','Elane Grace','Female','egraceg4@sakura.ne.jp',6284101432227,'Indonesia','teacher'),('kdavidovichs','Kristofor Dockree','Male','kdockreeda@vimeo.com',6281527224727,'Indonesia','teacher'),('kdocwra1m','Vitoria Wormald','Female','vwormald0@wikia.com',6286544231009,'Indonesia','student'),('kdoumerque9b','Annora Dotson','Female','adotson3c@ameblo.jp',6284278433042,'Indonesia','student'),('keastopea1','Tildi Chansonnau','Female','tchansonnau3r@trellian.com',6289771664891,'Indonesia','student'),('keberle55','Isabelita Seebert','Female','iseeberthn@issuu.com',6287437919240,'Indonesia','parent'),('keusdencc','Petunia Cogswell','Female','pcogswell1r@ca.gov',6282045244366,'Indonesia','student'),('kforth85','Antoinette Bowlesworth','Female','abowlesworthkn@seesaa.net',6287103884689,'Indonesia','parent'),('kgellett4p','Edi Osgarby','Female','eosgarby6z@arstechnica.com',6281338862490,'Indonesia','student'),('khallawella7','Whit Garton','Male','wgarton6e@skype.com',6289675254054,'Indonesia','student'),('khuggan43','Heida Goodsal','Female','hgoodsalgl@telegraph.co.uk',6289561170808,'Indonesia','teacher'),('kkolakovic8y','Will Roughey','Male','wroughey9e@github.io',6286225338349,'Indonesia','student'),('klamondb','Caspar Sponder','Male','csponderct@yahoo.co.jp',6281159113931,'Indonesia','teacher'),('kleyden6b','Bone Amps','Male','bampsa6@free.fr',6289665661331,'Indonesia','student'),('klightbourn6y','Adeline Curnokk','Female','acurnokkjg@uiuc.edu',6284481469223,'Indonesia','parent'),('kmacaloren1u','Patrice Lotherington','Male','plotheringtonec@ca.gov',6289367412737,'Indonesia','teacher'),('kmagwood60','Benedicto Quinton','Male','bquintoncg@unblog.fr',6286175255053,'Indonesia','student'),('knekrews5u','Tera Wilfling','Female','twilflingic@github.com',6281038241135,'Indonesia','parent'),('krudderham9k','Bradly Riddeough','Male','briddeoughz@msu.edu',6288794249448,'Indonesia','student'),('ksetterthwait5g','Marielle Ewers','Female','mewers46@reddit.com',6281494721383,'Indonesia','student'),('kswinfen6u','Ezra Frankel','Male','efrankeljc@google.es',6283343041210,'Indonesia','parent'),('kwookey8g','Channa Cotsford','Female','ccotsfordbq@sbwire.com',6283157829853,'Indonesia','student'),('kzuponeo','Salomi Koubek','Female','skoubekd6@wix.com',6282741130990,'Indonesia','teacher'),('laddams6v','Issiah Puddicombe','Male','ipuddicombe8j@webnode.com',6283237728366,'Indonesia','student'),('laim7i','Reinald Nanelli','Male','rnanelli5v@newsvine.com',6281691115721,'Indonesia','student'),('laldhous8t','Silvio Johantges','Male','sjohantges6a@cnn.com',6283117665571,'Indonesia','student'),('lalti3t','Shae Whittles','Male','swhittlesgb@miitbeian.gov.cn',6286267539039,'Indonesia','teacher'),('lasher1','Claudius Rennocks','Male','crennocksaz@ucoz.ru',6286311924949,'Indonesia','student'),('lastyn','Roseanne Gowlett','Female','rgowlett81@microsoft.com',6285909818003,'Indonesia','student'),('lbaggarleyb5','Elmer Lovering','Male','elovering86@meetup.com',6287349079254,'Indonesia','student'),('lbarkawayn','Benni Baffin','Female','bbaffind5@rambler.ru',6282741431285,'Indonesia','teacher'),('lbrimley9i','Rabbi Stoile','Male','rstoileg@telegraph.co.uk',6281799246469,'Indonesia','student'),('ldewing2u','Monique Tyzack','Female','mtyzackfc@theguardian.com',6285432698979,'Indonesia','teacher'),('ldorman3z','Graeme Newlove','Male','gnewlove3t@woothemes.com',6284104523395,'Indonesia','student'),('ldrever3f','Lenci Mitchinson','Male','lmitchinson1@unc.edu',6288971904496,'Indonesia','student'),('ldyott1w','Renato Walczak','Male','rwalczakee@miitbeian.gov.cn',6285603945933,'Indonesia','teacher'),('lerrichelli5g','Lester Badder','Male','lbadderhy@imgur.com',6287891783804,'Indonesia','parent'),('lflanigan2','Elton Hackworth','Male','ehackworthck@jalbum.net',6285633613230,'Indonesia','teacher'),('lgoodings4q','Jules Syfax','Male','jsyfax6h@mayoclinic.com',6286373800828,'Indonesia','student'),('lgoodley86','Lacy Wimpress','Female','lwimpressko@goo.gl',6281607093176,'Indonesia','parent'),('lgrellier24','Jobyna Bolzen','Female','jbolzenem@zimbio.com',6282751229018,'Indonesia','teacher'),('lgrigoli4','Tera Rubenczyk','Female','trubenczykcm@yahoo.com',6282955326574,'Indonesia','teacher'),('lhankins2v','Rriocard Lambregts','Male','rlambregts9f@indiegogo.com',6287145060136,'Indonesia','student'),('lheaney58','Bronson Carriage','Male','bcarriagehq@trellian.com',6281781025518,'Indonesia','parent'),('lkittow7k','Fonsie Castagnone','Male','fcastagnone2z@blog.com',6289575907799,'Indonesia','student'),('llatham2d','Kendell Tolworthie','Male','ktolworthieev@liveinternet.ru',6288763509125,'Indonesia','teacher'),('lleadbeatter11','Bobinette Mitchely','Female','bmitchelydj@earthlink.net',6283473963854,'Indonesia','teacher'),('lledwith7p','Sissie Seeks','Female','sseeksk7@cyberchimps.com',6289827723636,'Indonesia','parent'),('llillee2h','Almeta Kettlesting','Female','akettlestingez@technorati.com',6283948903278,'Indonesia','teacher'),('llumley1g','Horace Teek','Male','hteek40@blogs.com',6286411572341,'Indonesia','student'),('lmarlinc9','Bobbie Getcliffe','Female','bgetcliffe8o@senate.gov',6288801715540,'Indonesia','student'),('lmilkin54','Sylvester Keerl','Male','skeerl1a@nba.com',6289306916192,'Indonesia','student'),('lminearp','Manolo Anfossi','Male','manfossid7@seesaa.net',6283447547549,'Indonesia','teacher'),('lmourantx','Claude Corbie','Female','ccorbiedf@reuters.com',6283613629382,'Indonesia','teacher'),('lpacht8m','Nicky Antoniak','Male','nantoniak80@soundcloud.com',6283974166432,'Indonesia','student'),('lpibornbg','Gard Deshon','Male','gdeshon6i@jigsy.com',6286186832720,'Indonesia','student'),('lseligson2i','Hector Ashby','Male','hashbyf0@rediff.com',6287178554344,'Indonesia','teacher'),('lspellecy13','Stanley Oxberry','Male','soxberry2g@guardian.co.uk',6289583915703,'Indonesia','student'),('lspelman89','Madlin Barus','Female','mbaruskr@thetimes.co.uk',6288581834655,'Indonesia','parent'),('lthornewill5n','Wilburt Mill','Male','wmilli5@ameblo.jp',6286372669112,'Indonesia','parent'),('lthorsen50','Corrine Mc Kellen','Female','cmc4l@accuweather.com',6283758067232,'Indonesia','student'),('ltroy9m','Adriena Croix','Female','acroix1t@tmall.com',6289327500222,'Indonesia','student'),('lvagg2y','Oliviero Nanelli','Male','onanellifg@addtoany.com',6286921774381,'Indonesia','teacher'),('lvarrow5k','Gabey Wolvey','Female','gwolveya7@deviantart.com',6288384663691,'Indonesia','student'),('lventomh','Jake Caltera','Male','jcalteracz@latimes.com',6289553747258,'Indonesia','teacher'),('lwiltsher2f','Kennith Amber','Male','kamberex@msn.com',6282405688051,'Indonesia','teacher'),('makers3r','Lynea Dominguez','Female','ldominguez76@archive.org',6282612093030,'Indonesia','student'),('malton6g','Timmy Whodcoat','Male','twhodcoat23@ucoz.ru',6284762488538,'Indonesia','student'),('marnely20','Daphne Pengilley','Female','dpengilleyei@trellian.com',6283677323345,'Indonesia','teacher'),('massender3e','Krissy Robichon','Female','krobichon48@fema.gov',6288087194527,'Indonesia','student'),('mbarts8q','Pernell Pedley','Male','ppedley8m@bizjournals.com',6283095162064,'Indonesia','student'),('mbenning32','Jerrylee Allwood','Female','jallwood1p@latimes.com',6285914706423,'Indonesia','student'),('mblaney49','Shaylynn Giacopello','Female','sgiacopello5h@paginegialle.it',6287356626432,'Indonesia','student'),('mbortoletti2e','Tab Sazio','Male','tsazio2l@angelfire.com',6287236713792,'Indonesia','student'),('mbradie56','Nonnah Lavens','Female','nlavens8n@earthlink.net',6286096815186,'Indonesia','student'),('mbridge2h','Auberon Cripwell','Male','acripwell2k@icq.com',6285881940245,'Indonesia','student'),('mbrinson3r','Leah Epinoy','Female','lepinoyg9@youtu.be',6281188453591,'Indonesia','teacher'),('mbrumen4m','Marie Sallarie','Female','msallarieh4@last.fm',6285542431817,'Indonesia','parent'),('mbrumwell76','Hilary Gioani','Male','hgioani7@ihg.com',6288849103062,'Indonesia','student'),('mcopcotth','Lock Grafham','Male','lgrafham5c@bigcartel.com',6288453535366,'Indonesia','student'),('mcripps9q','Fredia Basilotta','Female','fbasilotta5t@ow.ly',6281675382591,'Indonesia','student'),('mdarycott1i','Mal Berka','Male','mberkae0@webs.com',6284484067605,'Indonesia','teacher'),('mdauney71','Tate Cruwys','Male','tcruwysjj@google.com.hk',6282335309339,'Indonesia','parent'),('mdibb8r','Rabbi Tate','Male','rtate96@pen.io',6285522958229,'Indonesia','student'),('mdingle15','Ives Figin','Male','ifigin9b@bloglines.com',6281163551041,'Indonesia','student'),('mdodgshun2a','Uri Marre','Male','umarre1n@wired.com',6289389439360,'Indonesia','student'),('mduddleb2','Jefferson Kemery','Male','jkemeryr@dell.com',6282768790094,'Indonesia','student'),('mellerton7p','Cynthy Tocher','Female','ctocher4s@omniture.com',6286386627289,'Indonesia','student'),('merikssonas','Marcella Merington','Female','mmerington28@pen.io',6289495635800,'Indonesia','student'),('mevison2y','Zechariah Raywood','Male','zraywoodbv@engadget.com',6286022314405,'Indonesia','student'),('mfrushard3a','Mara Hedde','Female','mhedde2r@upenn.edu',6289961114058,'Indonesia','student'),('mgomar1k','Bennett Killen','Male','bkillen13@nifty.com',6284757339789,'Indonesia','student'),('mhanksah','Jesselyn Tomaszkiewicz','Female','jtomaszkiewicz9r@flickr.com',6284227554545,'Indonesia','student'),('mhendrichs4u','Gertruda Shyres','Female','gshyreshc@domainmarket.com',6285782990435,'Indonesia','parent'),('mhitzke80','Herman Wimlet','Male','hwimlet62@nifty.com',6287021547482,'Indonesia','student'),('mhughes4o','Kathye Sage','Female','ksageh6@vkontakte.ru',6281808801372,'Indonesia','parent'),('mimos2p','Zarla Wybern','Female','zwybernf7@hexun.com',6283908184476,'Indonesia','teacher'),('mkiledal5u','Ethe Alvey','Male','ealvey97@bloglines.com',6283946978299,'Indonesia','student'),('mknox2q','Ermanno Muehler','Male','emuehlerf8@dell.com',6285104915676,'Indonesia','teacher'),('mkryszkiecicz85','Andrea Regus','Male','aregusv@about.com',6282071428195,'Indonesia','student'),('mlancastleax','Deny Ruseworth','Female','druseworth7a@purevolume.com',6282601435702,'Indonesia','student'),('mlancett39','Monro Van Waadenburg','Male','mvan32@geocities.jp',6287182790079,'Indonesia','student'),('mlattimorep','Dode Filchagin','Female','dfilchagin5i@omniture.com',6281106629343,'Indonesia','student'),('mlauchlanc','Beau Bannerman','Male','bbannerman4g@rediff.com',6286835669216,'Indonesia','student'),('mleadbitter7t','Kellina Curson','Female','kcursonb5@gizmodo.com',6281879247120,'Indonesia','student'),('mlethby8w','Elliot Gertray','Male','egertray6w@163.com',6282361037824,'Indonesia','student'),('mlowde6','Erl Shieber','Male','eshieber55@reverbnation.com',6288849120973,'Indonesia','student'),('mmagson5p','Creighton MacComiskey','Male','cmaccomiskey26@privacy.gov.au',6288169362909,'Indonesia','student'),('mmaides6k','Jecho Torri','Male','jtorrij2@tuttocitta.it',6287597828896,'Indonesia','parent'),('mmalpas32','Mei Krollman','Female','mkrollmanfk@businessweek.com',6289486872878,'Indonesia','teacher'),('mmartelet83','Stacee Massingham','Female','smassinghamkl@utexas.edu',6286851135717,'Indonesia','parent'),('mmcquillan51','Jodee Friatt','Female','jfriatt3w@deviantart.com',6286173891470,'Indonesia','student'),('mmicheu2r','Millard Elsby','Male','melsby5e@posterous.com',6282758212124,'Indonesia','student'),('mmound9v','Mauricio Laingmaid','Male','mlaingmaid9k@narod.ru',6286479859146,'Indonesia','student'),('mnewlove1l','Dre Bontoft','Female','dbontofte3@woothemes.com',6288913593196,'Indonesia','teacher'),('mocarney64','Mack McGillacoell','Male','mmcgillacoell35@imdb.com',6281859967662,'Indonesia','student'),('moronan37','Sergio Mitkov','Male','smitkovfp@webs.com',6289005178103,'Indonesia','teacher'),('mpauer6x','Granville Labb','Male','glabbjf@epa.gov',6284629504920,'Indonesia','parent'),('mpellew5e','Ezekiel Millery','Male','emilleryhw@cbslocal.com',6283156537407,'Indonesia','parent'),('mpieterickbf','Heindrick MacCaughen','Male','hmaccaughen6j@shutterfly.com',6287177804795,'Indonesia','student'),('mreediey','Timmy Stopford','Male','tstopforddg@blinklist.com',6284952848448,'Indonesia','teacher'),('mreside3d','Ossie Hurl','Male','ohurlfv@springer.com',6283521817152,'Indonesia','teacher'),('mrowbottam4a','Trumann Husk','Male','thuskgs@google.it',6289296831241,'Indonesia','parent'),('msamarth26','Steve Hawksby','Male','shawksbyeo@hud.gov',6284348959687,'Indonesia','teacher'),('msancroft84','Glen Cove','Female','gcovekm@google.fr',6283529595257,'Indonesia','parent'),('msharplin8j','Astrix Grube','Female','agrube6f@miitbeian.gov.cn',6287323651707,'Indonesia','student'),('msheilds56','Arluene Vuittet','Female','avuittetho@google.fr',6288716042183,'Indonesia','parent'),('mshilston3p','Ced Corgenvin','Male','ccorgenving7@irs.gov',6289007901002,'Indonesia','teacher'),('msimonutti3m','Jeannie Chave','Female','jchave9c@senate.gov',6286875770098,'Indonesia','student'),('mskepper7q','Obadias Chiverstone','Male','ochiverstone92@goo.ne.jp',6282646438587,'Indonesia','student'),('msollett6m','Frannie Vossing','Male','fvossingj4@theglobeandmail.com',6281709915215,'Indonesia','parent'),('mstealy6e','Mathe Davidde','Male','mdaviddeiw@sciencedirect.com',6284016064128,'Indonesia','parent'),('msyer9y','Kerr Taber','Male','ktaber5w@pcworld.com',6282745787947,'Indonesia','student'),('mtattoo2k','Kermy Smales','Male','ksmalesf2@pen.io',6281724863005,'Indonesia','teacher'),('mtebbothc3','Nathalie Hargess','Female','nhargessk@dropbox.com',6284213628453,'Indonesia','student'),('mwipfler3d','Morena Hutchin','Female','mhutchinaw@dagondesign.com',6281074318882,'Indonesia','student'),('myannonia3','Vanya Braybrooke','Female','vbraybrooke4x@businessinsider.com',6282074172161,'Indonesia','student'),('naddie5y','Aili MacCarter','Female','amaccarterig@mayoclinic.com',6286125183355,'Indonesia','parent'),('naloigibj','Pandora Excell','Female','pexcellac@behance.net',6283262701573,'Indonesia','student'),('natterley74','Matt Longworth','Male','mlongworthjm@amazon.com',6283401295154,'Indonesia','parent'),('nbulstrode5b','Mersey Snelle','Female','msnelleht@example.com',6282356474076,'Indonesia','parent'),('nclifft7r','Dacey Norridge','Female','dnorridgek9@smh.com.au',6283741911951,'Indonesia','parent'),('ncritchellba','Vivie Mackieson','Female','vmackieson7e@github.io',6282737965292,'Indonesia','student'),('ndoudneyb7','Barrie Scotti','Male','bscottibt@nyu.edu',6282243803162,'Indonesia','student'),('nfigginsao','Sherrie Volett','Female','svolettc3@imdb.com',6285102445616,'Indonesia','student'),('nhartridge18','Matthew Metschke','Male','mmetschkedq@lycos.com',6284785084729,'Indonesia','teacher'),('nlefrancai','Gaspar Vost','Male','gvostb0@thetimes.co.uk',6289579905995,'Indonesia','student'),('nleopardbb','Doralyn Itskovitz','Female','ditskovitz1g@soup.io',6287165975187,'Indonesia','student'),('nmarke58','Victoir Ivey','Male','viveyaa@deliciousdays.com',6284452522121,'Indonesia','student'),('nmcquirter9d','Tomas Housbey','Male','thousbey9d@jimdo.com',6287493515585,'Indonesia','student'),('nnewsham70','Harli Lee','Female','hleeji@nps.gov',6285689764093,'Indonesia','parent'),('npickavant4y','Bea Birrell','Female','bbirrellhg@lulu.com',6286508257572,'Indonesia','parent'),('npirrone1n','Gage Gudeman','Male','ggudemane5@dot.gov',6288335835180,'Indonesia','teacher'),('nsawkin7o','Bevvy Bereford','Female','bbereford61@ow.ly',6285962109869,'Indonesia','student'),('nspickett34','Cullan Spink','Male','cspink31@ox.ac.uk',6288067711022,'Indonesia','student'),('nwombwell6p','Eddy Grunwald','Male','egrunwald8x@twitpic.com',6282375632456,'Indonesia','student'),('odarycott45','Martyn Cluitt','Male','mcluitt34@1und1.de',6282074175559,'Indonesia','student'),('odubber98','Haslett Dubber','Male','hdubber3n@examiner.com',6282124704378,'Indonesia','student'),('oduddy5d','Marena Giorgione','Female','mgiorgionebg@domainmarket.com',6289425451731,'Indonesia','student'),('offorde6q','Madelon Brient','Female','mbrientj8@biglobe.ne.jp',6288538456026,'Indonesia','parent'),('ogodwyn57','Olimpia Vasile','Female','ovasile8y@mayoclinic.com',6288198048377,'Indonesia','student'),('ogregoli4w','Ricca Gregan','Female','rgreganhe@shareasale.com',6285739390305,'Indonesia','parent'),('oliddicoat6e','Reeba Sibery','Female','rsiberyj@netlog.com',6289096732967,'Indonesia','student'),('omcguirebr','Ardis Gockelen','Female','agockelen68@goo.ne.jp',6285569683706,'Indonesia','student'),('opogosianav','Brittan Ceschini','Female','bceschini9@fema.gov',6285403365711,'Indonesia','student'),('ostreather5y','Fayre Ashingden','Female','fashingden88@github.io',6282086919018,'Indonesia','student'),('owafer1k','Blinni Antram','Female','bantrame2@washingtonpost.com',6287143187124,'Indonesia','teacher'),('pantalffy1j','Albert Tidcombe','Male','atidcombe8s@deliciousdays.com',6287635325742,'Indonesia','student'),('pattride7q','Giovanni McMeekan','Male','gmcmeekank8@dropbox.com',6284708014587,'Indonesia','parent'),('pbonifant2m','Jermaine Laudham','Male','jlaudhamf4@google.com',6285419615290,'Indonesia','teacher'),('pcasselybz','Tonnie Lung','Male','tlung14@biblegateway.com',6282259849346,'Indonesia','student'),('pdallewater7','Jeddy Krollmann','Male','jkrollmanna0@goodreads.com',6289651972018,'Indonesia','student'),('pdodman1q','Law Martlew','Male','lmartlew2j@skyrock.com',6285152893665,'Indonesia','student'),('pdubois60','Ali Arnot','Female','aarnotii@pcworld.com',6281108893116,'Indonesia','parent'),('pdymick4v','Nada Daleman','Female','ndalemanhd@google.co.uk',6289729140178,'Indonesia','parent'),('phickinbottom73','Jemimah Headon','Female','jheadonjl@usnews.com',6282067547326,'Indonesia','parent'),('phinrichsen1b','Carmela Parradice','Female','cparradicedt@digg.com',6289453328621,'Indonesia','teacher'),('pimlach64','Man Freeborne','Male','mfreeborneim@noaa.gov',6283605831515,'Indonesia','parent'),('ploadman3l','Lemmie Paton','Male','lpatong3@dailymail.co.uk',6284115760891,'Indonesia','teacher'),('plongfut1f','Kiley Joscelyn','Male','kjoscelync8@goo.gl',6281465957912,'Indonesia','student'),('plooks94','Darryl Frankema','Male','dfrankema65@blogspot.com',6282269037366,'Indonesia','student'),('pmaccaffrey9s','Kylie Guarnier','Female','kguarnierq@cocolog-nifty.com',6284418833514,'Indonesia','student'),('pmordy4j','Barbe Lamanby','Female','blamanbyh1@zdnet.com',6283328580570,'Indonesia','parent'),('pmoyler39','Candida Benbow','Female','cbenbowfr@opera.com',6282725271807,'Indonesia','teacher'),('ppercifer5b','Binnie Wilfinger','Female','bwilfinger9j@t-online.de',6289454367880,'Indonesia','student'),('ppinnigaraw','Herb Weavers','Male','hweavers4t@digg.com',6282023541886,'Indonesia','student'),('ppuffett7k','Fabien Burkhill','Male','fburkhillk2@bing.com',6282827151787,'Indonesia','parent'),('pshaxby1','Geoffrey Jeggo','Male','gjeggocj@amazon.com',6286906364288,'Indonesia','teacher'),('ptimminsb1','Chery Jennaway','Female','cjennaway5d@creativecommons.org',6286594021686,'Indonesia','student'),('pvallerc4','Wenonah Belamy','Female','wbelamy1i@dagondesign.com',6284874854918,'Indonesia','student'),('qdorro1h','Stormi Formilli','Female','sformillidz@webs.com',6285412652280,'Indonesia','teacher'),('rabsolon33','Leena Biaggioli','Female','lbiaggiolibw@google.com.hk',6283546368517,'Indonesia','student'),('rattenburrow1f','Annora Turpin','Female','aturpindx@nyu.edu',6289067101026,'Indonesia','teacher'),('rbahls6n','Gusta Lind','Female','glindj5@slashdot.org',6285367987627,'Indonesia','parent'),('rbausmann8s','Karalee Blaszczyk','Female','kblaszczyk51@ucsd.edu',6285055714643,'Indonesia','student'),('rbeardwood1n','Tedda Blease','Female','tblease5p@sfgate.com',6288951403741,'Indonesia','student'),('rbrindley8p','Beatriz Grishinov','Female','bgrishinov41@behance.net',6282082383472,'Indonesia','student'),('rcaines7u','Fiona Bramo','Female','fbramokc@xing.com',6288645516715,'Indonesia','parent'),('rcaselyz','Thurstan Cripin','Male','tcripinb7@wufoo.com',6289056934557,'Indonesia','student'),('rchaffe12','Tedmund Eggers','Male','teggersdk@altervista.org',6287671518051,'Indonesia','teacher'),('rdahlback1c','Jesse Kintish','Female','jkintish9w@techcrunch.com',6285427776330,'Indonesia','student'),('rdanilovic2u','Filberto Gehring','Male','fgehring4j@deliciousdays.com',6282448149416,'Indonesia','student'),('rdenyer3j','Dorey Dance','Female','ddanceg1@ovh.net',6288825239414,'Indonesia','teacher'),('rdibb8a','Wolfgang Woodthorpe','Male','wwoodthorpe24@goo.gl',6282686179920,'Indonesia','student'),('redgaraf','Ekaterina Redrup','Female','eredrup5n@ebay.co.uk',6283905475998,'Indonesia','student'),('rfrill96','Ludvig Bruntjen','Male','lbruntjenb1@dmoz.org',6281738874428,'Indonesia','student'),('rgascoignebw','Mindy Litherland','Female','mlitherland4e@cocolog-nifty.com',6289185552243,'Indonesia','student'),('rgendricke31','Edythe Laville','Female','elaville4w@dailymail.co.uk',6288379523380,'Indonesia','student'),('rgladbachch','Dougie Caffery','Male','dcafferyb6@statcounter.com',6282447519670,'Indonesia','student'),('rhaugg1e','Bourke Howerd','Male','bhowerddw@clickbank.net',6285605744460,'Indonesia','teacher'),('rkamiyama4v','Maxie Stanion','Female','mstanion64@house.gov',6287756528913,'Indonesia','student'),('rkunzw','Emory Sizeland','Male','esizeland7n@fc2.com',6289088438747,'Indonesia','student'),('rkynan5o','Ron Waddams','Male','rwaddamsi6@bbb.org',6287809634808,'Indonesia','parent'),('rlimerick5k','Celestina Ferrieri','Female','cferrierii2@java.com',6287203799972,'Indonesia','parent'),('rllewelly1c','Belva Strathern','Female','bstratherndu@gizmodo.com',6282139096671,'Indonesia','teacher'),('rluckcock4t','Andonis Matthews','Male','amatthewsc4@wp.com',6284743899156,'Indonesia','student'),('rmcramsey7f','Conny Ridgeway','Male','cridgewayc0@lycos.com',6286777142516,'Indonesia','student'),('rmilburne7e','Sax Eisold','Male','seisoldjw@geocities.jp',6285781829602,'Indonesia','parent'),('rnilgesbs','Joel Wybrow','Male','jwybrowb4@mediafire.com',6282105917965,'Indonesia','student'),('rodempseybt','Ajay Fishenden','Female','afishenden71@devhub.com',6285802349312,'Indonesia','student'),('rovery2j','Hilliary Minard','Female','hminardf1@examiner.com',6284723935056,'Indonesia','teacher'),('rpeeke4d','Ibrahim Lebarree','Male','ilebarree49@hhs.gov',6288865937923,'Indonesia','student'),('rpydcock8e','Della Kleis','Female','dkleis9m@example.com',6289975584474,'Indonesia','student'),('rrichardsson59','Mateo Bedin','Male','mbedinad@phoca.cz',6282443087318,'Indonesia','student'),('rruben7y','Prudence Shave','Female','pshavekg@altervista.org',6284913964104,'Indonesia','parent'),('rscudders4f','Lou Mawne','Female','lmawne2t@twitter.com',6283418003096,'Indonesia','student'),('rspinke0','Judye Debenham','Female','jdebenhamci@time.com',6284046537619,'Indonesia','teacher'),('rstanier6g','Dorothee Coolson','Female','dcoolsoniy@arizona.edu',6281455628488,'Indonesia','parent'),('rstpierre3e','Francisca Box','Female','fboxfw@flavors.me',6286372713076,'Indonesia','teacher'),('rthorowgood2n','Christian Lidgey','Male','clidgeyf5@creativecommons.org',6286052915729,'Indonesia','teacher'),('rthurgood5v','Cristie Germaine','Female','cgermaine9p@netvibes.com',6281712322817,'Indonesia','student'),('rvarnam4b','Mella Marjoribanks','Female','mmarjoribanks4r@jiathis.com',6289997339807,'Indonesia','student'),('rvillaret3s','Isabelle Kimbly','Female','ikimblyga@youku.com',6281952683510,'Indonesia','teacher'),('rwisker2w','Clari Hawe','Female','chaweay@dell.com',6285917642674,'Indonesia','student'),('sanfossi8i','Ewan Sambles','Male','esambles7d@printfriendly.com',6281706762781,'Indonesia','student'),('sblackborne91','Dominic O\'Henery','Male','doheneryw@sphinn.com',6285422701388,'Indonesia','student'),('sblanqued','Joshua Loach','Male','jloach4v@deliciousdays.com',6281035331571,'Indonesia','student'),('sbris67','Rourke Bird','Male','rbirdt@gizmodo.com',6285902182606,'Indonesia','student'),('sbromley4x','Berne Tabor','Male','btabor4q@wunderground.com',6286461619017,'Indonesia','student'),('sbrounfield9z','Scott Passingham','Male','spassingham8h@aol.com',6286178217679,'Indonesia','student'),('scallicott5t','Romain Piatti','Male','rpiatti1u@mozilla.com',6284638625816,'Indonesia','student'),('scary6z','Archambault Treven','Male','atrevenjh@dion.ne.jp',6287546042449,'Indonesia','parent'),('scisec7c','Marni Cortin','Female','mcortinju@instagram.com',6289548391342,'Indonesia','parent'),('scluley3b','Brigitta Rosenblum','Female','brosenblumft@va.gov',6281758056660,'Indonesia','teacher'),('scucuzza2q','Titos Este','Male','teste43@bbb.org',6284835841339,'Indonesia','student'),('scyseley8l','Devi Stickens','Female','dstickensaq@oaic.gov.au',6285099678887,'Indonesia','student'),('sdamiata4r','Culver Gobolos','Male','cgobolosh9@eepurl.com',6281987192963,'Indonesia','parent'),('sdresse28','Cordey Hukin','Female','chukinan@twitpic.com',6282564199127,'Indonesia','student'),('sdunsmore92','Abie Gulc','Male','agulc53@icq.com',6282926439151,'Indonesia','student'),('sestickad','Farah Salzberg','Female','fsalzbergn@un.org',6284822878756,'Indonesia','student'),('sflintoff6z','Zia Quilty','Female','zquilty1b@1688.com',6288461896148,'Indonesia','student'),('sfrancom17','Winthrop Whitwell','Male','wwhitwellf@google.de',6284568840750,'Indonesia','student'),('sgilgryst1a','Lorry Baythrop','Male','lbaythropds@yandex.ru',6285243942558,'Indonesia','teacher'),('sgimber7j','Keslie Haggie','Female','khaggiek1@npr.org',6283642841823,'Indonesia','parent'),('sgrigolli14','Ermanno Hennemann','Male','ehennemanndm@last.fm',6283256958748,'Indonesia','teacher'),('sgrote7g','Giacobo Fosbraey','Male','gfosbraeyam@etsy.com',6281342870890,'Indonesia','student'),('shasling69','Ardine Sunners','Female','asunnersir@imdb.com',6284683715953,'Indonesia','parent'),('sholliganac','Pen Troup','Male','ptroup5s@imdb.com',6284081300113,'Indonesia','student'),('sitzkovitch3a','Afton Olman','Female','aolmanfs@usnews.com',6283234173083,'Indonesia','teacher'),('sjanowicz78','Timmy Satterfitt','Male','tsatterfitt7j@sbwire.com',6285082076337,'Indonesia','student'),('skefford8a','Honey Bedder','Female','hbedderks@example.com',6287809206846,'Indonesia','parent'),('skilbride6p','Dita Sumers','Female','dsumersj7@irs.gov',6287849988264,'Indonesia','parent'),('skingsly6r','Sheilah Cambling','Female','scamblingj9@biblegateway.com',6286156776291,'Indonesia','parent'),('slysaghtab','Tomas Vela','Male','tvela6d@washingtonpost.com',6285176153725,'Indonesia','student'),('smaccard7l','Jaye Geldard','Male','jgeldard2o@vkontakte.ru',6287171018194,'Indonesia','student'),('smactrustie3j','Teresita Eassom','Female','teassom6v@mlb.com',6289386354068,'Indonesia','student'),('smadgin4d','Caldwell Keedwell','Male','ckeedwellgv@ucoz.com',6282459819995,'Indonesia','parent'),('smaynell3h','Jolynn Bebbington','Female','jbebbingtonfz@omniture.com',6287723857885,'Indonesia','teacher'),('smccambrois3n','Yvor Boyson','Male','yboyson6g@myspace.com',6286215752129,'Indonesia','student'),('smichelle5m','Janaya Artois','Female','jartoisaf@rediff.com',6283073943675,'Indonesia','student'),('smougelag','Dillon Bumford','Male','dbumford7w@va.gov',6286344699696,'Indonesia','student'),('smounfield29','Ashleigh Vernham','Female','avernhamer@berkeley.edu',6285699025819,'Indonesia','teacher'),('snourse47','Jobey Limerick','Female','jlimerickgp@comcast.net',6284713675634,'Indonesia','parent'),('spleasaunce33','Aleksandr Daggett','Male','adaggettfl@hibu.com',6284318738071,'Indonesia','teacher'),('spridmore35','Chip Heliot','Male','cheliotfn@google.com',6289826818734,'Indonesia','teacher'),('srearie9n','Pepi Thecham','Female','pthechamce@smh.com.au',6287592044377,'Indonesia','student'),('sseilerl','Goddart Sumers','Male','gsumersd3@biblegateway.com',6287279570490,'Indonesia','teacher'),('ssemorad5l','Haskell Ganing','Male','hganing2c@purevolume.com',6289529289839,'Indonesia','student'),('ssiburn25','Bartholomeo Drewitt','Male','bdrewitt73@patch.com',6287312950566,'Indonesia','student'),('ssirett4p','Karrah Cauldwell','Female','kcauldwellh7@surveymonkey.com',6281514470714,'Indonesia','parent'),('sstanaway3w','Ichabod Loram','Male','iloram7f@msn.com',6286697934564,'Indonesia','student'),('stapley3g','Berri Painter','Female','bpainterfy@moonfruit.com',6282944510924,'Indonesia','teacher'),('stheze2m','Granthem Bonallick','Male','gbonallickc1@latimes.com',6284683854327,'Indonesia','student'),('sthorneyworkbm','Gary Scoggin','Male','gscoggin4c@dion.ne.jp',6283855561116,'Indonesia','student'),('svandevelde2','Maggee Jeppensen','Female','mjeppensencd@mlb.com',6283883486310,'Indonesia','student'),('swimms3q','Jeniece Swinbourne','Female','jswinbourne59@google.es',6281737870272,'Indonesia','student'),('tadds9w','Joni Brimmacombe','Female','jbrimmacombe56@bloglines.com',6286408836657,'Indonesia','student'),('tadiscot7b','Josefina Danels','Female','jdanels2m@storify.com',6287119513886,'Indonesia','student'),('tarberak','Malory Denkin','Female','mdenkin5k@free.fr',6289946593552,'Indonesia','student'),('tblamire68','Kissie Bartali','Female','kbartaliiq@hexun.com',6289102433589,'Indonesia','parent'),('tboldersonbn','Eddie Faussett','Male','efaussett3f@rambler.ru',6286228353059,'Indonesia','student'),('tcaccavale2o','Mahala Turvey','Female','mturveyf6@people.com.cn',6289144386157,'Indonesia','teacher'),('tcarney6','Gare Goldspink','Male','ggoldspinkco@apple.com',6284962309356,'Indonesia','teacher'),('tcoggins2t','Catlee Hargate','Female','chargatebx@hao123.com',6287726607361,'Indonesia','student'),('tcussins26','Dannie Antoshin','Male','dantoshin5z@dell.com',6283502159889,'Indonesia','student'),('tdebenham3','Allx Friday','Female','afriday7c@answers.com',6288315451594,'Indonesia','student'),('tdowbigginbl','Aldon Bernardeschi','Male','abernardeschi9s@infoseek.co.jp',6282583444762,'Indonesia','student'),('telegood1e','Audi Allin','Female','aallin7o@soup.io',6286442104147,'Indonesia','student'),('tfeaster0','Evey Bote','Female','ebote3k@google.ru',6288603801204,'Indonesia','student'),('tfink3h','Evita Hepher','Female','ehepher7p@boston.com',6281685302088,'Indonesia','student'),('theifer3o','Cord Wren','Male','cwren6r@hc360.com',6281931264220,'Indonesia','student'),('tjaneway10','Bili Workman','Female','bworkman4h@cisco.com',6286071229083,'Indonesia','student'),('tjosham5x','Carleen Hallyburton','Female','challyburtonif@yelp.com',6284605921220,'Indonesia','parent'),('tkeppel7u','Barnard Marking','Male','bmarking2b@dot.gov',6282477667440,'Indonesia','student'),('tkinnear5f','Randene Alldread','Female','ralldreadhx@woothemes.com',6285478254754,'Indonesia','parent'),('tlambertz9','Reggie Geale','Female','rgeale72@scribd.com',6285159109777,'Indonesia','student'),('tlamplugh1v','Rene Larrosa','Female','rlarrosaed@creativecommons.org',6289231482774,'Indonesia','teacher'),('tlecornu3s','Felic Brisse','Male','fbrisse20@theatlantic.com',6289807070030,'Indonesia','student'),('tlightowler4i','Cornie Gebby','Female','cgebby3o@bluehost.com',6281632527746,'Indonesia','student'),('tmacinnes19','Christoforo Carlow','Male','ccarlowdr@sun.com',6288989023600,'Indonesia','teacher'),('tpauluzziam','Nari Slipper','Female','nslipper1w@guardian.co.uk',6282335870273,'Indonesia','student'),('tpickthorne4e','Dennison Quirke','Male','dquirkegw@dmoz.org',6289643435698,'Indonesia','parent'),('tpiercey9f','Dyanne Alker','Female','dalker69@xing.com',6282023721049,'Indonesia','student'),('trevel5n','Rab Toseland','Male','rtoseland3u@mapy.cz',6281172513509,'Indonesia','student'),('tserfatik','Timoteo Gomersal','Male','tgomersal77@mlb.com',6281692653316,'Indonesia','student'),('tshilstone4o','Elspeth Stieger','Female','estieger5y@shareasale.com',6284103199108,'Indonesia','student'),('ttomisch5r','Margette Comelli','Female','mcomellii9@google.pl',6285135621185,'Indonesia','parent'),('ttweedie79','Sam Chatt','Male','schattbc@yale.edu',6284426280840,'Indonesia','student'),('tweatherley4u','Guglielmo MacCauley','Male','gmaccauley5b@sakura.ne.jp',6281204222539,'Indonesia','student'),('ufrangello69','Hyacinth Bunker','Female','hbunker6s@lulu.com',6282581567373,'Indonesia','student'),('umitteny','Simeon Tollmache','Male','stollmache3s@columbia.edu',6286139102056,'Indonesia','student'),('uvannucciniibq','Diane-marie Halmkin','Female','dhalmkin5l@google.it',6282514582797,'Indonesia','student'),('uwoollaston8c','Barnabe Brokenshaw','Male','bbrokenshawa4@microsoft.com',6288014898534,'Indonesia','student'),('vcawthorn8','Arny Draaisma','Male','adraaismabl@reddit.com',6287416724555,'Indonesia','student'),('vchevin49','Almeda Matelyunas','Female','amatelyunasgr@npr.org',6289994759863,'Indonesia','parent'),('vcuskery11','Alia Shannon','Female','ashannon6@home.pl',6284847852063,'Indonesia','student'),('vdetoile46','Erin Rouzet','Male','erouzet7y@51.la',6282758053097,'Indonesia','student'),('vllewhellin44','Stella Menghi','Female','smenghi8f@biblegateway.com',6281983455462,'Indonesia','student'),('vmoxon5c','Allys Peachment','Female','apeachment78@shop-pro.jp',6287626127432,'Indonesia','student'),('vnelsen7l','Tanhya Clell','Female','tclellk3@theguardian.com',6282175584062,'Indonesia','parent'),('voxbe6d','Karney Tockell','Male','ktockelliv@cbslocal.com',6288724722000,'Indonesia','parent'),('vsenter21','Gusella Cunradi','Female','gcunradiej@samsung.com',6285913427885,'Indonesia','teacher'),('vturnerf','Karl Getley','Male','kgetley7b@google.com.br',6282384712855,'Indonesia','student'),('wabrahamit','Kristofor Andrusyak','Male','kandrusyak54@harvard.edu',6288742600529,'Indonesia','student'),('wblakese','Maggy Le Clercq','Female','mle3v@netvibes.com',6284394750924,'Indonesia','student'),('wblees16','Caroline Loughlin','Female','cloughlin9u@yolasite.com',6282003734863,'Indonesia','student'),('wbowlesworth7y','Erhard Ellaway','Male','eellawaya5@who.int',6283582829917,'Indonesia','student'),('wburgnebc','Janette Hellwich','Female','jhellwichbm@addtoany.com',6285643613577,'Indonesia','student'),('wchevis22','Lyndsie Valett','Female','lvalettek@zdnet.com',6287208119792,'Indonesia','teacher'),('wcolwill42','Chryste Whiteoak','Female','cwhiteoak33@istockphoto.com',6286331421535,'Indonesia','student'),('wdarwen6m','Aurelie Bohan','Female','abohan39@163.com',6285633665038,'Indonesia','student'),('wdeetch1r','Filip Bedboro','Male','fbedboro4p@infoseek.co.jp',6281397696002,'Indonesia','student'),('wduffilc5','Lizzy Nossent','Female','lnossentd@plala.or.jp',6281559802123,'Indonesia','student'),('welmhirst81','Bernadine Durant','Female','bdurantkj@wordpress.com',6285721699712,'Indonesia','parent'),('wgawkes6t','Seymour Morad','Male','smoradjb@nbcnews.com',6281716742599,'Indonesia','parent'),('wgregorowicz6x','Alberto Caunce','Male','acaunce6x@cloudflare.com',6284081060039,'Indonesia','student'),('wjenman2p','Conrade Perrie','Male','cperrie8z@yelp.com',6281012195459,'Indonesia','student'),('wmcclurecf','Alvinia Maxworthy','Female','amaxworthy8a@cnn.com',6285391082789,'Indonesia','student'),('wruddoch72','Cecilla Oxtarby','Female','coxtarbybn@mozilla.org',6287704380059,'Indonesia','student'),('wschlagh6i','Willie Dyton','Male','wdytonj0@flavors.me',6289232567411,'Indonesia','parent'),('wschwier2s','Chase Purvess','Male','cpurvess3j@posterous.com',6284586306367,'Indonesia','student'),('wstoakes79','Hersch Jolliss','Male','hjollissjr@goo.ne.jp',6289827252362,'Indonesia','parent'),('wthundercliffe5a','Samuel Passey','Male','spassey8w@ustream.tv',6286129868387,'Indonesia','student'),('xpestelld','Peadar Rutley','Male','prutleycv@ucoz.com',6284046650924,'Indonesia','teacher'),('ycockin63','Dare Ginn','Male','dginnil@forbes.com',6286051678222,'Indonesia','parent'),('ypulleraz','Pauly Kamena','Female','pkamena4y@dmoz.org',6283458635180,'Indonesia','student'),('zdrogan57','Janie Brigginshaw','Female','jbrigginshawhp@mayoclinic.com',6283375349436,'Indonesia','parent'),('zeversfieldi','Zachary Sheara','Male','zsheara4@ehow.com',6288399957763,'Indonesia','student'),('zglas3u','Brett Ducarne','Female','bducarnegc@studiopress.com',6286857956615,'Indonesia','teacher'),('zgulston5l','Billye Larrie','Female','blarriei3@eventbrite.com',6281268897781,'Indonesia','parent');
/*!40000 ALTER TABLE `user` ENABLE KEYS */;
UNLOCK TABLES;
/*!40103 SET TIME_ZONE=@OLD_TIME_ZONE */;

/*!40101 SET SQL_MODE=@OLD_SQL_MODE */;
/*!40014 SET FOREIGN_KEY_CHECKS=@OLD_FOREIGN_KEY_CHECKS */;
/*!40014 SET UNIQUE_CHECKS=@OLD_UNIQUE_CHECKS */;
/*!40101 SET CHARACTER_SET_CLIENT=@OLD_CHARACTER_SET_CLIENT */;
/*!40101 SET CHARACTER_SET_RESULTS=@OLD_CHARACTER_SET_RESULTS */;
/*!40101 SET COLLATION_CONNECTION=@OLD_COLLATION_CONNECTION */;
/*!40111 SET SQL_NOTES=@OLD_SQL_NOTES */;

-- Dump completed on 2022-11-06  1:26:34
